stock_code,EPS,Beta,PE_Ratio,ROE,ROA,Gross_margin,Operating_margin,Trailing_PE_Ratio,PB_Ratio,Revenue_per_share
1101.TW,1.1,0.584,20.327383,0.041929998,0.01343,0.20221001,0.04698,31.045456,1.0855399,14.871
1102.TW,3.36,0.35,15.5438595,0.05949,0.012940001,0.13185,0.06204,13.184524,0.92019445,23.353
1103.TW,0.27,0.747,42.67442,0.00119,-0.0019,0.13787,-0.02804,67.96296,0.5795591,4.491
1104.TW,3.09,0.584,12.102474,0.1062,0.02175,0.19765,0.14234,11.084143,1.0543327,11.59
1108.TW,1.29,0.748,nan,0.11,0.04006,0.17455,0.13482,13.023255,1.4222823,12.836
1109.TW,1.94,0.419,15.436509,0.07457,0.05009,0.21358,0.11229999,10.025773,0.80001646,17.654
1110.TW,0.25,0.074,nan,0.02029,0.0059399996,0.10892,0.12026,85.4,1.3470882,4.075
1201.TW,0.54,0.354,nan,0.03724,0.01265,0.27212998,0.02962,34.907406,1.2892416,43.515
1203.TW,2.11,0.321,29.213484,0.11338,0.05982,0.31175,0.18782,24.64455,2.0914612,26.863
1210.TW,4.9,0.638,11.875,0.16308,0.06183,0.14078,0.04848,11.632653,2.0995247,129.229
1213.TW,-2.54,0.375,nan,-0.5243,-0.10283,-1.6366099,-0.77267,nan,2.0368817,1.16
1215.TW,7.51,0.262,13.3802805,0.22116,0.06838,0.17569,0.0761,15.17976,3.3757772,97.832
1216.TW,3.3,0.312,18.75,0.1517,0.031229999,0.32352,0.0547,24.545454,3.433513,107.084
1217.TW,0.44,0.607,nan,0.03004,0.00537,0.29214,0.03955,27.84091,0.86079687,9.884
1218.TW,0.29,0.309,18.278687,0.01166,0.00671,0.14591,0.039979998,76.89655,0.886081,23.303
1219.TW,0.9,0.118,nan,0.0657,0.02026,0.09267,0.0113,21.055557,1.3691208,47.543
1220.TW,1.08,0.271,21.830986,0.08611,0.04868,0.15547,0.08826,14.351851,1.1531022,19.275
1225.TW,1.63,0.223,nan,0.1078,0.0319,0.07576,0.02163,59.202454,6.1732345,61.36
1227.TW,1.58,0.31,15.777777,0.082040004,0.03723,0.22982,0.06942,26.962023,2.138232,31.615
1229.TW,2.53,0.461,23.037542,0.07801,0.00991,0.18978001,0.07377,26.679842,2.215439,8.735
1231.TW,4.16,0.254,nan,0.17896,0.04542,0.20875,0.08164,25.96154,4.399544,44.535
1232.TW,7.12,0.355,nan,0.20739001,0.11178,0.10564999,0.058579996,20.50562,4.111402,143.64
1233.TW,1.08,0.267,nan,0.07022,0.02688,0.58075,0.061090004,31.574072,2.241946,23.907
1234.TW,2.33,0.201,nan,0.052020002,0.01899,0.28112,0.03983,19.399143,1.0056959,26.56
1235.TW,1.1,-0.017,nan,0.03899,-0.00078,0.31861,-0.2017,84.090904,1.4695603,1.006
1236.TW,0.22,0.628,nan,0.008119999,-0.00119,0.26816,0.01129,111.590904,0.92599577,20.193
1256.TW,12.39,0.563,16.247974,0.1116,0.071100004,0.27585,0.06495,16.182405,1.7396963,138.19
1301.TW,0.81,0.547,20.166666,0.015310001,-0.00649,0.04201,-0.03004,74.69136,1.1415524,30.638
1303.TW,0.85,0.662,17.887323,0.02027,3.0000001e-05,0.06845,-0.015800001,59.7647,1.1095095,31.852
1304.TW,-0.47,0.804,-31.979168,-0.04679,0.00364,0.08569,-0.03645,nan,0.7115376,47.667
1305.TW,0.14,0.825,35.851067,0.0095,-0.00063,0.08959,-0.03445,120.35715,1.0246276,22.084
1307.TW,2.54,0.557,29.528303,0.1172,0.041890003,0.26518,0.12864,12.322835,1.3757637,25.341
1308.TW,-0.08,0.403,64.62963,-0.0033500001,0.02474,0.12533,-0.03446,nan,0.80034864,11.3
1309.TW,-0.77,0.751,-417.50003,-0.044,-0.03655,0.02385,-0.04992,nan,1.0095515,38.787
1310.TW,-0.94,0.884,50.769234,-0.07053,-0.044299997,-0.046529997,-0.035099998,nan,1.0003031,17.9
1312.TW,-1.87,0.769,21.439392,-0.04972,-0.0114400005,0.029949998,-0.069180004,nan,0.47061563,15.337
1313.TW,-0.82,1.108,-12.96875,-0.03806,-0.01282,0.0163,-0.06322,nan,0.5334876,56.781
1314.TW,0.05,0.554,5.833333,0.00211,-0.01031,-0.009380001,-0.030869998,202.99998,0.48485714,7.784
1315.TW,3.75,0.327,nan,0.03415,-0.00232,0.14844,-0.0936,19.28,0.676941,21.685
1316.TW,-0.74,1.208,87.045456,-0.02101,-0.01041,0.23684,-0.25818002,nan,1.639274,3.357
1319.TW,6.25,0.43,15.986395,0.14394,0.07549,0.31646,0.19613001,18.8,2.5978906,41.311
1321.TW,0.81,0.592,nan,0.030079998,-0.00133,0.07368,0.00557,47.22222,1.3689071,21.275
1323.TW,0.88,0.211,9.023668,0.062480003,0.023570001,0.19393998,0.05957,34.659092,1.1528139,36.013
1324.TW,0.43,0.316,nan,0.03461,0.01642,0.21082,-0.00439,32.09302,1.0795588,11.837
1325.TW,0.39,0.885,nan,0.0095999995,-0.01119,-0.01416,-0.11622,90.25642,1.077771,4.602
1326.TW,1.85,0.555,21.924686,0.02772,-0.00098,0.04091,-0.00177,28.324326,0.94063586,57.024
1337.TW,-1.56,0.59,nan,-0.09082,-0.04721,-0.14032,-0.32359,nan,0.46073624,3.284
1338.TW,-2.06,nan,3.7935035,-0.02178,0.00025,0.22191,-0.02476,nan,0.44139683,65.488
1339.TW,6.79,0.595,20.685358,0.13119,0.04765,0.35208,0.18327999,9.779087,1.2725183,28.208
1340.TW,-5.75,0.594,nan,-0.21237,-0.05901,-0.41581002,-1.34666,nan,0.41141066,3.438
1341.TW,4.43,0.245,nan,0.20368999,0.07288,0.20758,0.11906999,16.049662,3.1414306,48.306
1342.TW,7.66,0.127,11.692307,0.24933,0.123330005,0.32498002,0.25975,14.882506,3.6245708,36.386
1402.TW,1.67,0.429,17.832514,0.05396,0.01424,0.1844,0.04952,21.676647,0.8385842,52.177
1409.TW,0.67,0.694,nan,0.03426,0.01206,0.19183001,0.1014,24.77612,0.7512332,25.379
1410.TW,0.37,0.427,nan,0.01975,-0.00046999997,0.30899,0.04955,102.432434,2.2402177,3.535
1413.TW,-0.86,0.399,nan,-0.09875,-0.029040001,-0.028450001,-0.02545,nan,1.3506907,16.282
1414.TW,0.27,0.605,nan,0.019299999,-0.0026699998,0.10265,0.00497,81.85185,1.5490292,2.58
1416.TW,0.67,0.495,nan,0.03878,-0.00054000004,0.38396,0.04571,18.35821,0.6120926,1.596
1417.TW,-0.44,0.883,nan,-0.031059999,-0.01652,0.33613,-0.08529,nan,0.819078,6.841
1418.TW,0.51,0.09,nan,0.02269,-0.01084,0.07349,-4.92724,57.941177,1.2979312,0.265
1419.TW,2.17,0.338,nan,0.05039,0.01148,0.28881,0.06258,22.488478,1.0604546,11.415
1423.TW,0.38,0.286,nan,0.014400001,-0.01355,-0.32022,-0.40318,105.92105,1.354398,1.031
1432.TW,0.5,0.313,nan,0.052410003,0.00877,0.43219003,0.03233,35.3,2.0672288,14.923
1434.TW,0.32,0.185,32.1831,0.01028,0.00207,0.08904,0.025409998,71.40625,0.76608443,16.659
1435.TW,-0.31,0.024,nan,-0.03805,-0.02397,0.88369006,-2.91019,nan,4.970791,0.064
1436.TW,7.15,0.229,52.439026,0.30587998,0.04555,0.84068,-2.06821,21.04895,4.614583,16.543
1437.TW,3.0,0.33,nan,0.08245,0.02164,0.62523997,0.50256,12.916667,1.0229672,4.268
1438.TW,-1.05,0.212,nan,-0.04955,-0.0010800001,0.23909001,-0.38441002,nan,2.9421928,0.481
1439.TW,2.0,0.372,nan,0.06394,-0.00306,0.29095,-0.20899001,14.875,1.0374892,1.546
1440.TW,1.5,0.854,83.809525,0.090950005,-0.01076,0.05153,-0.039890002,11.733334,1.006462,10.995
1441.TW,-4.6,0.775,nan,-0.61922,-0.06993,-0.07114,-0.12816,nan,2.519524,17.003
1442.TW,5.73,0.562,nan,0.30121002,0.09020001,0.4305,0.32692,10.767888,2.928612,18.229
1443.TW,1.76,0.484,nan,0.13059,0.02575,0.45909,0.36264,18.039772,2.1328766,6.118
1444.TW,0.07,0.482,34.535713,0.00281,-0.01644,0.00385,-0.036199998,138.14285,0.88141465,8.049
1445.TW,7.53,0.13,nan,0.45938,-0.02921,0.11409,-0.083129995,2.6560423,0.9759906,9.348
1446.TW,3.02,0.576,nan,0.25677,0.06272,0.47864,0.42466,17.119205,3.9261847,9.115
1447.TW,-0.19,0.708,27.916666,-0.014889999,-0.0149300005,0.00928,-0.00184,nan,0.9298668,34.837
1449.TW,0.91,0.945,nan,0.060900003,0.00563,0.1743,0.07842,19.560438,0.92544454,34.628
1451.TW,-0.61,0.47,nan,-0.0167,-0.01609,0.037219997,-0.00818,nan,0.6120347,33.029
1452.TW,0.13,0.367,8.636364,0.02269,-0.01084,0.0414,-0.017970001,131.53847,0.82696587,9.585
1453.TW,0.72,0.63,nan,0.05408,0.0053399997,0.31824,-25.796509,37.083332,1.9642463,1.912
1454.TW,0.35,0.322,nan,0.02649,-0.0066500003,0.093109995,-0.009649999,48.285713,1.2975048,12.609
1455.TW,-0.23,1.069,19.51389,-0.01942,-0.027780002,-0.01085,-0.00679,nan,1.171419,15.387
1456.TW,0.22,0.92,nan,0.01428,0.02249,0.32676998,0.18143,92.95455,1.3032118,19.631
1457.TW,2.47,0.432,41.38889,0.11851,0.00077,0.072069995,0.02408,9.048583,0.95557743,14.744
1459.TW,0.11,0.783,155.0,0.01273,-0.03293,-0.10344,-0.14387,98.63637,1.2259887,4.129
1460.TW,-1.8,0.754,12.307693,-0.18631001,-0.05373,0.0219,-0.010290001,nan,0.91033226,11.631
1463.TW,0.53,0.335,nan,0.0372,-0.01344,0.04,-0.29853,38.490566,1.4566226,2.044
1464.TW,0.15,0.566,13.537737,0.02113,-0.00487,0.15737,0.017239999,95.666664,1.1224091,24.029
1465.TW,0.9,0.348,nan,0.057340004,-0.0067299996,0.10253,-0.16207,16.833334,0.9576485,5.434
1466.TW,-0.84,0.536,nan,-0.062989995,-0.018339999,0.053850003,-0.03259,nan,0.9781762,22.823
1467.TW,-0.1,0.769,nan,-0.00672,-0.00273,0.18309,0.02484,nan,0.9266093,20.387
1468.TW,0.44,0.617,nan,0.07585,-0.01234,0.074439995,0.0025,34.204548,1.9322121,6.402
1470.TW,0.52,0.011,nan,0.04659,0.016619999,0.20465,0.11305001,40.288464,1.8575989,7.153
1471.TW,-0.23,1.436,nan,-0.0216,-0.02963,0.13057,-0.34653,nan,1.6599232,1.741
1472.TW,5.03,1.421,nan,0.16057,0.03836,0.13303,0.0881,14.572565,2.1183136,60.181
1473.TW,3.04,0.216,34.3662,0.11691,0.04305,0.18365999,0.077870004,16.052631,1.7782311,48.412
1474.TW,0.36,0.769,nan,0.0276,-0.013300001,0.084309995,-0.02141,39.166668,0.86822665,21.548
1475.TW,4.95,0.981,nan,0.26701,0.11062,0.24517,0.21542,12.020203,2.8522122,30.275
1476.TW,16.66,1.022,20.250284,0.25742,0.12731,0.31583,0.19344,32.052822,6.204901,116.36
1477.TW,17.14,0.856,18.896484,0.32208002,0.121879995,0.2626,0.15702,22.578764,7.10796,137.406
1503.TW,5.23,0.543,29.089128,0.08019,0.02727,0.17467,0.09646,56.78776,3.9014266,62.869
1504.TW,2.53,0.293,16.017698,0.0681,0.03143,0.25541002,0.11902001,21.46245,1.5403818,27.603
1506.TW,0.24,0.489,nan,0.028870001,0.010319999,0.16188,0.026919998,68.75,1.8506056,3.53
1512.TW,-0.14,0.019,nan,-0.03873,-0.03833,0.20726,-0.08298001,nan,2.5063648,11.216
1513.TW,3.63,0.812,18.894472,0.1038,0.06419,0.29641,0.19957,51.79063,5.014136,45.539
1514.TW,3.28,0.823,39.622643,0.17862,0.05609,0.18115,0.09932999,44.817074,6.8637066,39.391
1515.TW,3.44,1.23,14.741936,0.17275,0.0577,0.17674999,0.090629995,13.2848835,2.1572886,45.774
1516.TW,0.51,nan,nan,0.04464,0.02634,0.049429998,0.03506,45.980396,1.9536783,19.196
1517.TW,-0.78,0.695,2.5454545,-0.039300002,-0.05001,-0.01979,-0.24468,nan,1.0104655,7.417
1519.TW,11.34,0.742,34.98704,0.65662,0.13694,0.32111,0.20446,83.333336,48.606113,58.978
1521.TW,0.73,0.437,7.2050815,0.02378,0.03721,0.14804,0.03444,54.38356,1.7067194,63.19
1522.TW,4.67,0.656,13.135437,0.16292,0.05047,0.28234,0.13948,15.1606,2.3026638,63.098
1524.TW,2.88,0.478,31.371683,0.13459,0.05059,0.27023,0.20617001,12.309028,2.1720483,16.318
1525.TW,3.53,0.592,13.253425,0.05328,0.00442,0.10520001,0.00834,21.926346,1.1577988,19.782
1526.TW,-0.06,0.562,nan,-0.00227,-0.0068,0.27065,-0.05209,nan,1.375498,13.642
1527.TW,3.14,0.496,10.839506,0.090450004,0.041929998,0.25419,0.14235,13.980892,1.2475135,20.096
1528.TW,-0.42,0.96,nan,-0.037320003,-0.016970001,0.22978,-0.14238,nan,1.0568247,19.448
1529.TW,0.48,0.794,nan,0.045560002,0.01601,0.19773,0.057290003,71.041664,2.9414299,4.823
1530.TW,2.2,0.506,19.196428,0.05935,0.0051200003,0.17145,-0.024489999,14.659091,0.9364112,22.627
1531.TW,-0.06,0.503,15.585106,-0.0028900001,-0.01598,0.14454001,-0.072270006,nan,0.7287469,8.009
1532.TW,3.47,0.576,nan,0.11351,0.02783,0.24641001,0.14441,14.250721,1.4008102,51.876
1533.TW,-1.55,1.119,nan,-0.09588,-0.021289999,0.18969999,-0.17021,nan,2.0160224,38.663
1535.TW,4.51,0.502,nan,0.15121001,0.04705,0.1003,0.04203,15.521064,2.3002105,83.697
1536.TW,1.19,0.796,22.070312,0.03661,0.00811,0.16459998,0.01714,47.47899,1.7819408,22.801
1537.TW,8.45,0.283,10.790835,0.15596,0.08658,0.19713,0.12753001,17.278107,2.6818023,82.129
1538.TW,-0.49,0.588,nan,-0.15333,-0.1011,0.06864,-0.92111,nan,4.2079835,3.136
1539.TW,1.65,0.876,10.347826,0.0656,0.024,0.11698,0.04602,14.424242,0.9579392,25.449
1540.TW,1.82,0.279,14.753522,0.10784,0.044060003,0.31634,0.11528,11.510989,1.2023646,6.833
1541.TW,1.82,0.81,6.556701,0.07617,0.04165,0.191,-0.00564,17.472527,1.2824131,44.575
1558.TW,5.06,0.34,7.193987,0.08768,0.032279998,0.26832,0.092209995,19.86166,1.2156032,115.829
1560.TW,6.38,0.91,27.37676,0.15323,0.06353,0.31504,0.16384001,48.746082,7.7090874,44.362
1563.TW,nan,0.571,nan,0.09713,nan,0.2324,0.13921,nan,nan,37.449
1568.TW,2.32,0.866,9.774305,0.14326,0.05727,0.33647,0.17695999,12.133621,1.6264155,12.167
1582.TW,6.45,0.543,32.18232,0.12685001,0.055069998,0.24813999,0.13821,18.062016,2.2353122,69.961
1583.TW,5.56,0.433,18.025974,0.10123,0.01894,0.24145001,0.036849998,12.482015,1.37165,46.313
1587.TW,0.56,1.008,83.10811,0.02861,0.00627,0.2068,-0.015420001,109.82143,3.057268,30.258
1589.TW,-7.59,0.665,9.64989,-0.10442001,-0.01764,0.079679996,-0.28067,nan,0.6382332,67.615
1590.TW,35.84,0.999,22.088352,0.18011999,0.099309996,0.46518,0.30325,29.157366,5.023338,150.636
1597.TW,1.1,0.867,12.865275,0.041939996,0.01469,0.42908,0.089770004,61.636364,2.5454273,11.706
1598.TW,0.24,0.982,3.8228157,-0.00057,-0.007850001,0.34597,-0.04709,131.25,1.0576503,50.279
1603.TW,3.24,0.383,nan,0.08064,0.033689998,0.15714,0.1228,14.814815,1.138466,26.171
1604.TW,2.11,0.564,nan,0.098579995,0.0249,0.19379999,0.07806,13.696683,1.3221704,24.796
1605.TW,0.98,0.834,17.585365,0.03066,0.00991,0.07002,0.01201,36.785713,1.0266852,45.391
1608.TW,2.08,0.955,nan,0.10054,0.020510001,0.06567,0.04172,18.557692,2.0541747,23.273
1609.TW,1.63,0.974,26.09756,0.101210006,0.02385,0.13302,0.06947,32.822086,2.6542964,37.382
1611.TW,0.52,0.441,nan,0.03839,0.00835,0.27787,0.092609994,37.115383,1.4143338,4.077
1612.TW,2.06,0.901,nan,0.08567,0.0465,0.14101,0.12274,19.126215,1.5782095,19.909
1614.TW,1.12,0.353,nan,0.05432,0.02949,0.20977,0.01677,40.49107,2.208532,21.7
1615.TW,3.58,0.399,nan,0.19969,0.097229995,0.17271,0.15786,20.027933,3.6884613,31.636
1616.TW,1.24,1.084,nan,0.13166,0.05594,0.11205,0.04632,20.604837,2.5307052,22.351
1617.TW,0.06,0.485,nan,-0.00296,-0.00602,0.08239,-0.0028900001,417.5,1.9328703,17.941
1618.TW,2.34,0.88,nan,0.09167,0.05049,0.13202,0.12226,25.512821,2.120179,24.224
1626.TW,-0.03,0.667,nan,-0.00162,-0.00159,0.21572,-0.01565,nan,0.7859556,54.263
1701.TW,1.1,0.127,nan,0.04324,0.01438,0.36611998,0.05365,20.454544,0.89684314,29.478
1702.TW,5.1,0.405,14.497488,0.12111,0.03837,0.29972,0.08883,11.313725,1.4699888,92.689
1707.TW,9.59,0.443,13.080169,0.17962,0.10002,0.79083997,0.18586999,16.16267,2.237944,72.658
1708.TW,1.25,0.456,nan,0.049289998,0.026919998,0.22579001,0.17334,26.560001,1.2981427,22.944
1709.TW,1.07,0.472,nan,0.05909,0.02204,0.12392,0.057979997,19.53271,1.2162477,19.943
1710.TW,-0.39,0.848,72.29167,-0.05204,-0.01059,0.020539999,-0.00465,nan,1.2580669,23.665
1711.TW,0.15,0.71,nan,0.00999,0.00125,0.20151,-0.0019200001,126.666664,1.2470465,14.275
1712.TW,2.55,0.298,29.425674,0.13833,0.0506,0.27431,0.07843,17.078432,2.3817337,45.183
1713.TW,2.13,0.092,nan,0.11526,-0.0073400005,0.08603,-0.04363,26.85446,2.9675746,3.112
1714.TW,0.74,0.549,nan,0.06081,0.024449999,0.09277,0.07612,13.445946,0.78768206,19.57
1717.TW,1.53,0.69,20.097404,0.07281,0.02411,0.20051001,0.06082,20.22876,1.4277148,36.407
1718.TW,-0.83,0.814,nan,0.057779998,0.01287,0.72173,0.54315,nan,0.5021266,29.203
1720.TW,4.74,0.139,14.638555,0.15909,0.07001,0.43382,0.21125,15.379748,2.4579387,35.593
1721.TW,-1.64,0.52,nan,-0.13908,-0.04713,-0.04052,-0.14130999,nan,1.3216662,11.632
1722.TW,3.8,0.489,22.199312,0.06846,0.022330001,0.28354,0.03743,17.0,1.1380452,15.182
1723.TW,5.96,0.485,17.623604,0.16455999,0.080620006,0.25636998,0.16047001,18.540268,3.0599246,33.495
1725.TW,1.24,0.603,nan,0.051909998,0.01342,0.04995,0.01591,38.629032,1.8627261,41.328
1726.TW,5.3,0.256,nan,0.08767,0.053439997,0.23907,0.11643,15.471698,1.3001633,58.462
1727.TW,0.35,0.815,nan,0.010039999,-0.00057,0.10778,-0.014520001,84.0,1.7724724,14.983
1730.TW,3.31,0.384,nan,0.118590005,0.06414,0.47289002,0.08550999,16.978853,1.8755214,40.843
1731.TW,1.3,0.389,23.5,0.083579995,0.044260003,0.65857005,0.17879999,19.884617,1.6249686,10.258
1732.TW,0.02,0.191,nan,0.00149,-0.00102,0.39625,0.01908,1537.5,2.6992626,13.392
1733.TW,1.08,0.466,17.225132,0.0636,0.03051,0.29955,0.03633,30.462963,1.915352,16.915
1734.TW,2.41,0.673,nan,0.1148,0.02786,0.37896,0.094390005,15.788381,1.9798117,17.704
1735.TW,0.84,0.247,20.98837,0.05552,0.016339999,0.18101,0.04651,21.488094,1.162042,24.342
1736.TW,4.02,0.591,15.079086,0.13340001,0.02637,0.4909,-0.041339997,21.343285,2.7594635,128.945
1737.TW,1.48,0.249,nan,0.02961,-0.27294,-0.78591,-4.68091,22.736486,1.0203154,16.786
1752.TW,1.57,0.261,16.98718,0.06722,0.03875,0.34361,0.12291,33.75796,2.4003623,20.85
1760.TW,1.15,0.24,61.4375,0.05333,0.04042,0.52541,0.11228,85.478264,4.6014137,23.01
1762.TW,1.62,0.769,18.507462,0.0372,0.01091,0.33438998,0.056929998,30.617283,1.1381629,20.277
1773.TW,6.42,0.835,nan,0.18409,0.083380006,0.32498002,0.17739001,25.0,4.3989477,40.235
1776.TW,0.55,0.175,13.8671875,0.03546,0.00698,0.16400999,0.03504,32.272728,1.1742524,17.592
1783.TW,1.65,0.896,nan,0.11108,0.05775,0.6849,0.19941,27.848486,3.0206416,6.832
1786.TW,2.65,0.607,19.860897,0.12639,0.0588,0.74134004,0.24483,48.490562,5.669534,11.721
1789.TW,0.49,0.312,109.230774,0.0367,0.02179,0.38744998,0.17191,57.959183,2.133734,4.326
1795.TW,15.06,0.571,12.271763,0.25278,0.08997,0.5399,0.29908,19.189907,4.4554076,63.627
1802.TW,0.21,1.23,5.8779764,0.01222,0.00506,0.12443,-0.009430001,94.04762,1.1676027,15.72
1805.TW,-1.05,0.026,nan,-0.08966,-0.021270001,0.00396,-7.9265504,nan,1.7983074,2.043
1806.TW,-0.02,0.887,33.75,-0.00916,0.01887,0.28853,0.13158,nan,0.781137,8.037
1808.TW,15.93,0.197,53.521122,0.75161004,0.11359,0.36183998,0.33488,7.1563087,4.114335,64.223
1809.TW,0.09,1.199,242.5,-0.0047999998,-0.0046,0.16863,0.01328,269.44443,1.3823966,14.525
1810.TW,0.04,1.372,40.326084,0.00259,-0.00118,0.24505,-0.01935,463.75,0.82786626,16.241
1817.TW,3.72,0.418,10.486842,0.12888,0.07338,0.34386003,0.11406,10.712365,1.3651,35.688
1903.TW,0.42,0.887,nan,0.0256,-0.00331,0.54002,-0.20352,146.66667,4.132841,0.65
1904.TW,0.77,0.461,27.452831,0.030739998,0.01748,0.18304001,0.039189998,37.79221,1.119963,37.972
1905.TW,-0.33,1.002,731.6667,-0.01998,-0.01211,0.06268,0.00291,nan,1.5166173,19.112
1906.TW,0.78,0.784,nan,0.02497,0.0026,0.06995,0.0059100003,20.448719,0.5501328,23.317
1907.TW,1.27,0.836,25.123966,0.03533,0.00219,0.14325,0.0107700005,23.937008,0.82331276,44.724
1909.TW,-0.28,1.061,-46.499996,-0.01675,0.00503,0.10732,0.01654,nan,0.8297644,35.172
2002.TW,0.2,0.761,27.882353,0.01351,0.00392,0.04759,0.0082,118.5,1.1727449,23.816
2006.TW,6.38,0.478,12.428572,0.16566,0.06672,0.13888,0.0947,10.90909,1.7417418,85.45
2007.TW,-1.77,0.723,nan,-0.17334999,-0.03728,-0.10988,-0.11203,nan,1.1609174,9.548
2008.TW,1.94,0.435,nan,0.13821,0.00749,0.13801,0.077259995,12.835051,1.3784323,7.555
2009.TW,-0.04,1.856,52.061855,-0.0019699999,-0.0053100004,-0.00513,-0.00162,nan,2.3486187,7.423
2010.TW,1.34,0.82,17.393164,0.07537,0.02822,0.08324,0.05258,15.186567,1.1272365,32.725
2012.TW,0.83,0.658,7.128852,0.07459,0.02177,0.1528,0.05415,30.662653,1.7225044,30.255
2013.TW,2.78,0.726,nan,0.10288999,0.02404,0.04994,0.03238,21.15108,2.159383,93.001
2014.TW,-0.13,1.534,12.320442,-0.01048,-0.00828,0.00193,0.00562,nan,2.0159101,26.045
2015.TW,4.08,0.763,16.952597,0.11726,0.06308,0.102919996,0.08162,18.406862,2.1351604,59.55
2017.TW,0.06,0.661,nan,0.02402,-0.022780001,-0.00478,-0.03537,245.83334,1.0992696,7.824
2020.TW,5.77,0.633,26.507353,0.35467997,0.03917,0.12401,0.08507,6.2478337,1.9628662,30.466
2022.TW,0.6,1.1,nan,0.03818,0.02694,0.13599,0.030150002,18.833332,1.0644311,24.897
2023.TW,-0.54,0.758,41.71053,-0.0464,0.01148,0.09555,0.025999999,nan,1.0259564,38.496
2024.TW,-0.41,0.305,nan,-0.03536,-0.01227,0.02451,-0.00561,nan,1.9426498,9.425
2025.TW,0.6,0.437,nan,0.10978,-0.0896,-0.21671,-0.19177,21.75,2.2492244,3.178
2027.TW,1.91,0.755,12.636987,0.07581,0.0298,0.18083,0.058769997,19.319372,1.1862283,41.129
2028.TW,1.19,1.278,nan,0.08683,0.03498,0.061729997,0.06021,22.521008,1.9293067,31.288
2029.TW,1.94,0.886,44.36508,0.06467,0.04032,0.10639,0.049450003,14.407216,0.9239975,39.915
2030.TW,-0.46,0.548,11.612904,0.010140001,0.012990001,0.07289,0.010720001,nan,1.047608,45.831
2031.TW,6.07,1.199,11.348512,0.17476,0.0145000005,0.07992,0.049689997,10.675453,1.7522986,49.533
2032.TW,0.03,0.963,nan,-0.01239,-0.01928,0.01544,-0.02341,573.3334,1.3555049,21.929
2033.TW,0.08,0.775,67.391304,0.00621,0.0028900001,0.11185,0.031689998,193.75,1.2114106,7.122
2034.TW,-0.49,0.526,18.814814,-0.02106,0.01401,0.08695,0.07112,nan,1.2517865,31.8
2038.TW,0.25,1.595,nan,0.0074299998,0.0031,0.02725,-0.000120000004,82.2,1.0482019,48.788
2049.TW,5.61,1.37,21.754932,0.05229,0.02953,0.30741,0.072680004,37.34403,2.139174,68.982
2059.TW,37.75,0.738,22.044088,0.21405001,0.10067,0.62111,0.52182996,32.05298,6.4582934,68.622
2062.TW,2.48,0.716,10.524344,0.06849,0.0238,0.13006,0.05751,11.330646,0.7467843,40.251
2069.TW,-1.18,0.637,nan,-0.04947,nan,0.03344,-0.028889999,nan,0.7260213,68.748
2101.TW,0.24,0.365,119.375,0.018660001,0.010089999,0.21926,0.07916,238.75,4.5257087,9.729
2102.TW,-2.88,0.742,nan,-0.24988002,-0.03518,-0.91661,-1.09346,nan,1.32812,0.562
2103.TW,0.83,0.828,25.967741,0.0461,0.01694,0.10751,0.04756,29.096386,1.0037824,38.826
2104.TW,-0.78,0.731,64.62963,-0.0152900005,0.0016300001,0.081999995,0.03424,nan,0.5042041,18.428
2105.TW,2.03,0.518,16.258171,0.09522,0.04876,0.25248,0.115830004,24.50739,1.9588156,29.708
2106.TW,1.78,0.286,24.260565,0.088360004,0.028369999,0.21964,0.06706,19.353933,1.654977,36.118
2107.TW,1.8,0.635,nan,0.04595,0.00736,0.3082,0.13984999,15.055556,0.6347199,4.004
2108.TW,1.3,0.619,10.682493,0.06005,0.02833,0.23066999,0.07671,27.692308,1.2602395,18.043
2109.TW,1.75,0.455,nan,0.13413,0.03996,0.22872,0.14565,10.714286,1.5544685,16.986
2114.TW,6.02,0.398,nan,0.15027,0.08538,0.42257,0.30988002,17.192692,2.532172,19.794
2115.TW,0.94,0.264,13.413655,0.029690001,0.028269999,0.20661,0.10047,35.531918,1.054859,27.415
2201.TW,4.01,1.046,11.677741,0.094790004,0.01387,0.34771,0.093839996,17.531172,1.210087,81.348
2204.TW,9.93,1.357,10.7022,0.15474,0.036199998,0.15538,0.07241,12.739174,2.0625784,76.4
2206.TW,7.98,0.351,nan,0.27316,0.06401,0.20671,0.100959994,10.075188,2.653115,83.2
2207.TW,42.5,0.9,14.09071,0.31234,0.048839998,0.20892,0.14222,15.058824,5.4252,505.91
2208.TW,-2.77,0.999,-4.0415707,-0.27596,-0.02627,-0.06902,-0.13777,nan,1.959906,19.338
2211.TW,8.79,0.584,29.471544,0.15824,0.05847,0.33852002,0.24052,16.496017,2.3915553,27.208
2227.TW,4.58,0.571,7.0891786,0.07113,0.00641,0.12020001,0.03639,30.895197,2.2376494,88.842
2228.TW,9.02,0.645,13.47981,0.15222,0.060939997,0.25153,0.11921,12.583148,1.8274913,66.035
2231.TW,2.74,0.907,19.21875,0.05826,0.01898,0.38221002,0.07419,44.89051,3.9719703,29.933
2233.TW,9.7,0.774,13.160377,0.15861,0.07124,0.3443,0.18741,14.381444,2.2003503,56.77
2236.TW,2.5,0.842,18.169643,0.06911,0.0364,0.31639,-0.00897,32.56,2.5293643,37.681
2239.TW,2.2,0.963,6.97644,0.021389998,0.0115600005,0.13354999,0.02589,24.227272,0.5295631,202.551
2241.TW,-2.03,0.612,nan,-0.13785,-0.04966,0.01975,-0.21663,nan,2.9250395,9.542
2243.TW,-1.33,1.062,nan,-0.12854,-0.01243,0.028250001,0.108430006,nan,1.8406091,22.659
2247.TW,22.37,0.425,nan,0.15555,0.06178,0.11464,0.03829,14.707196,2.2539341,646.477
2250.TW,5.48,0.713,nan,0.095290005,0.04239,0.19554001,0.060370002,18.886862,1.7478974,126.607
2301.TW,6.3,0.553,15.251799,0.18106002,0.04937,0.22453,0.07752,16.825396,2.9289048,62.414
2302.TW,0.57,0.813,nan,0.054390002,0.02093,0.37109002,0.06983,32.19298,1.7414825,4.193
2303.TW,4.37,1.188,12.527233,0.15123,0.06138,0.33827,0.21291,13.157895,1.906309,17.999
2305.TW,0.21,0.615,nan,0.027460001,-0.02634,0.31535998,-0.15346,112.14286,2.1463726,3.15
2308.TW,12.38,1.115,22.724478,0.15441,0.05554,0.29673,0.081,29.846527,4.546461,153.863
2312.TW,0.64,0.746,nan,0.03615,0.01712,0.06057,0.029849999,28.671877,1.2646451,103.829
2313.TW,4.01,0.903,10.798898,0.12758,0.042940002,0.15032,0.06039,19.55112,2.3743904,58.012
2314.TW,-3.06,1.214,24.669117,-0.31304002,-0.054759998,0.12926,-0.48459998,nan,4.493103,14.051
2316.TW,5.79,1.035,nan,0.12165,-0.027309999,-0.06112,-0.14689,10.259068,1.1767037,19.381
2317.TW,10.72,0.563,15.425531,0.100839995,0.02737,0.06363,0.02776,20.289179,2.0237641,434.569
2321.TW,-1.88,0.974,nan,-0.028299998,-0.00894,0.25652,-0.04955,nan,7.2000003,55.649
2323.TW,0.74,0.753,nan,0.044650003,-0.0074,0.22973,-0.03322,16.891891,0.7413558,6.878
2324.TW,1.86,0.416,13.039569,0.076409996,0.01773,0.045739997,0.01422,19.489246,1.3136438,215.01
2327.TW,41.83,1.575,12.43911,0.13898,0.04077,0.33674,0.17413999,17.092995,2.198167,263.137
2328.TW,2.17,0.859,19.4686,0.08842,0.03415,0.1205,0.036,18.571428,1.5862395,46.709
2329.TW,2.98,1.272,21.866198,0.20743999,0.08785,0.21691,0.12409,20.838926,3.7201219,31.718
2330.TW,33.55,1.232,19.774239,0.25332,0.10837,0.53573,0.42018002,29.23994,6.9974465,86.611
2331.TW,1.86,0.913,-179.73685,0.08884,0.01313,0.16941999,-0.04058,18.360216,1.5204132,33.662
2332.TW,0.63,0.661,60.333332,0.04543,-0.00422,0.23961,-0.022,28.73016,1.2215698,25.518
2337.TW,-1.31,1.069,31.569767,-0.048249997,-0.025610002,0.23277001,-0.22596,nan,1.0529377,14.176
2338.TW,3.62,1.345,267.3333,0.13196,0.01623,0.23236,-0.00844,22.154696,3.1488025,35.447
2340.TW,0.46,0.955,76.54545,0.02296,0.0007,0.22795,-0.10840999,91.521736,2.2407918,9.358
2342.TW,-0.88,1.034,18.451088,-0.057490002,-0.03416,0.05899,-0.11219,nan,2.2863493,9.242
2344.TW,-0.15,1.298,13.762887,0.0046,-0.00242,0.29760998,-0.00928,nan,1.2269658,19.121
2345.TW,16.2,0.346,22.65465,0.34539002,0.12203,0.22657,0.10193,34.1358,10.183787,149.365
2347.TW,4.65,0.272,15.761469,0.11663,0.02812,0.04315,0.023359999,18.473118,2.0338101,246.496
2348.TW,21.48,0.557,nan,0.33151,0.05993,0.38739,0.40514,11.173184,3.596799,80.952
2349.TW,-0.28,0.758,8.616822,-0.02325,-0.01208,0.15507,-0.031570002,nan,1.1637007,11.188
2351.TW,3.77,1.312,19.368723,0.09954,0.041690003,0.16054001,0.07013,35.809017,3.5184655,57.977
2352.TW,1.48,0.875,14.581748,0.06324,0.01437,0.16291,0.01976,25.91216,2.0674968,102.355
2353.TW,1.87,0.73,20.938866,0.086219996,0.014680001,0.10762,0.01327,25.641712,1.9551479,82.495
2354.TW,3.06,0.729,25.069443,0.042290002,0.00526,0.088690005,0.0014300001,23.59477,0.9693356,42.493
2355.TW,2.62,1.064,13.106266,0.064330004,0.030050002,0.14739001,0.07515,18.358778,1.1550006,42.468
2356.TW,1.76,0.441,18.15873,0.10949001,0.021540001,0.05199,0.01638,32.5,3.4261756,146.362
2357.TW,30.92,0.536,13.969986,0.09896,0.02478,0.16486,0.03983,16.55886,1.4622054,663.22
2358.TW,-3.47,0.453,2.1923077,-0.28244,-0.08389,-0.041989997,-2.0143402,nan,0.41819513,10.995
2359.TW,3.1,0.897,nan,0.104040004,0.00822,0.23117,-0.0297,52.580647,5.4681473,23.693
2360.TW,9.49,0.771,21.693493,0.20372,0.08135,0.56974,0.20385,32.665966,6.44571,44.427
2362.TW,2.6,0.591,nan,0.03621,0.011460001,0.20323999,0.079169996,21.0,0.74351466,41.699
2363.TW,0.78,0.473,nan,0.03016,-0.014989999,0.34909,-3.01986,76.92308,2.3937762,0.251
2364.TW,3.81,-0.442,nan,0.2846,0.03223,0.3677,0.03496,22.25722,5.420955,34.694
2365.TW,0.41,0.502,nan,0.0291,0.00338,0.37425998,0.05503,92.31707,2.7517266,3.693
2367.TW,0.49,0.806,13.357934,0.0319,0.00524,0.12441,0.061739996,73.87755,2.349429,23.396
2368.TW,8.8,0.103,12.84494,0.29049,0.12088,0.27061,0.19045,22.215908,5.714035,67.35
2369.TW,-0.32,0.96,13.750001,-0.02178,-0.01565,0.0418,-0.05049,nan,1.6120028,15.42
2371.TW,1.21,0.344,27.64151,0.04723,0.00525,0.16240999,0.039130002,48.42975,2.4446204,21.718
2373.TW,4.81,0.088,10.529248,0.144,0.034730002,0.46476,0.062230002,15.717256,2.520252,49.87
2374.TW,1.72,0.704,-89.47369,0.06868,0.016139999,0.27686,0.03796,29.651163,2.2144067,18.441
2375.TW,3.07,1.545,13.00738,0.02982,0.00737,0.15178001,0.02341,22.96417,0.85340756,44.268
2376.TW,8.93,0.801,16.219702,0.15074,0.0473,0.11752,0.05579,35.218365,5.038368,257.843
2377.TW,8.92,0.728,12.163073,0.16137,0.05472,0.12196,0.0468,20.235426,3.152343,221.329
2379.TW,20.21,1.057,16.452366,0.21922001,0.048070002,0.44779998,0.10706,27.857498,6.0685105,197.279
2380.TW,-1.4,1.132,nan,-0.32574,-0.07951,0.21280001,0.0134000005,nan,1.9090667,11.044
2382.TW,11.68,0.655,19.987886,0.27445,0.041100003,0.082779996,0.04518,28.253424,7.535279,279.768
2383.TW,13.92,1.024,15.153997,0.30528998,0.10795999,0.28819,0.19653,33.225574,6.130944,138.428
2385.TW,10.62,0.394,12.58967,0.22715001,0.0696,0.20106001,0.09977,16.525423,3.4663243,135.991
2387.TW,7.5,0.843,6.659243,0.13548,0.0548,0.15755999,0.05277,7.9733334,1.1837834,115.557
2388.TW,1.13,1.82,nan,0.04552,0.00042,0.2577,-0.07001,113.27434,4.6059732,25.56
2390.TW,-0.65,0.985,nan,-0.05055,-0.00495,0.24517,-0.0508,nan,1.071288,3.386
2392.TW,5.2,0.947,16.553192,0.090050004,0.01785,0.12821999,0.0014300001,14.961539,1.4920222,194.477
2393.TW,3.91,0.841,16.07362,0.0923,0.04201,0.28962,0.10946,20.1023,1.7911671,41.2
2395.TW,11.4,0.779,26.352777,0.23625,0.09373,0.40619,0.13814999,32.894737,7.52453,71.194
2397.TW,2.53,0.465,15.599173,0.05651,0.02429,0.26669002,0.03896,29.841898,2.9918764,74.612
2399.TW,-0.6,0.963,75.49999,-0.047810003,-0.03197,0.055370003,-0.01695,nan,1.8485268,12.815
2401.TW,-0.29,0.834,18.00995,0.01249,-0.0066799996,0.46025002,0.00312,nan,2.4644291,9.667
2402.TW,1.73,0.539,12.370242,0.086389996,0.030569999,0.1537,0.041100003,20.66474,1.7352685,28.88
2404.TW,25.26,0.76,14.631705,0.53481996,0.08495,0.11062,0.09715,14.469517,7.1645594,349.558
2405.TW,0.13,1.312,nan,0.01128,-0.00279,0.41162997,-0.011469999,157.30771,1.8775249,5.036
2406.TW,-0.8,0.558,nan,-0.103769995,-0.03523,0.0293,-0.0614,nan,1.9687834,12.772
2408.TW,-2.25,1.09,13.07554,-0.040949997,-0.04612,-0.12755,-0.30708998,nan,1.3421704,10.642
2409.TW,-1.41,1.234,23.881578,-0.06416,-0.0257,0.0446,-0.08306,nan,0.9250293,33.419
2412.TW,4.73,0.067,24.901575,0.09353,0.05548,0.36324,0.21698,26.744186,2.5001483,28.868
2413.TW,0.6,1.249,nan,0.0363,0.00466,0.15245,-0.03366,40.0,1.4928159,33.108
2414.TW,2.32,0.456,nan,0.095819995,0.03407,0.084580004,0.01952,16.400862,1.9625541,140.131
2415.TW,0.21,1.283,nan,0.015360001,0.03143,0.31111,0.122200005,129.04762,1.5038011,26.401
2417.TW,0.36,1.331,nan,0.04602,-0.0086900005,0.55596,-0.0889,122.916664,2.0278633,24.687
2419.TW,-0.16,1.147,35.0,0.02251,0.00936,0.2147,0.00949,nan,2.0330245,27.085
2420.TW,3.91,0.541,16.820389,0.15404001,0.062119998,0.44306,0.28192,17.723785,2.7272727,13.954
2421.TW,5.16,0.929,14.072229,0.20994,0.07374,0.27808002,0.08984,21.899225,4.0278025,48.862
2423.TW,2.97,0.31,15.01805,0.15038,0.073130004,0.50402,0.14679,14.006733,2.3836808,20.215
2424.TW,-4.41,0.471,nan,-0.82246,-0.22775999,-0.68024004,-3.32867,nan,5.7949915,2.022
2425.TW,1.67,0.535,nan,0.0881,0.02648,0.0995,-0.03316,22.994013,1.647503,70.511
2426.TW,-0.58,1.133,16.065575,-0.02888,-0.00991,0.12699,-0.0070599997,nan,1.5628737,7.648
2427.TW,1.41,0.281,nan,0.09747,0.02864,0.30594,0.05786,20.992908,1.8385093,24.308
2428.TW,10.43,1.09,14.480874,0.13814999,0.0704,0.39441,0.23669,17.785234,2.3908029,54.01
2429.TW,-0.49,0.699,nan,-0.16485001,-0.072280005,0.03543,-0.25221002,nan,5.334914,10.036
2430.TW,1.92,0.36,nan,0.051570002,0.01242,0.14877,0.01579,18.541666,0.9586126,167.892
2431.TW,-0.87,0.752,nan,-0.06898,-0.05262,-0.04997,-0.29342,nan,1.0122293,4.803
2433.TW,3.33,0.294,nan,0.11894,0.03466,0.34352002,0.13836999,16.066067,2.2536755,19.74
2434.TW,-1.67,0.448,nan,0.05268,-0.04652,0.03902,-1.3696699,nan,2.4437575,1.68
2436.TW,1.43,1.007,58.909092,0.06934,0.009380001,0.28135002,-0.0018000001,45.31469,3.1935341,16.884
2438.TW,-1.45,0.77,nan,-0.14939,-0.05723,-0.12997,-0.71694,nan,6.053347,2.731
2439.TW,6.74,0.658,13.33682,0.13942,0.02465,0.13016,0.02158,18.916914,2.2790647,176.651
2440.TW,-0.87,0.69,nan,-0.091000006,-0.01931,0.02572,-0.0080699995,nan,1.9531251,22.4
2441.TW,3.76,0.628,11.020761,0.09789,0.05934,0.21275999,0.15459,16.94149,1.5888853,24.669
2442.TW,2.61,0.654,nan,0.13738,0.0177,0.28948,0.28620002,11.934866,1.7578014,11.017
2443.TW,1.15,0.289,nan,0.39279997,-0.06389,-0.3208,-4.43011,3.104348,1.0650358,0.081
2444.TW,-0.13,0.867,nan,-0.01275,-0.00982,0.107700005,-0.06392,nan,1.3880321,16.697
2449.TW,4.89,0.659,16.691505,0.15299,0.061979998,0.33848998,0.21417,22.903887,3.3405912,27.377
2450.TW,2.48,0.499,11.148255,0.10697,0.02647,0.10931,0.01604,15.463709,1.6339312,120.783
2451.TW,3.5,0.381,23.268206,0.1442,0.061869998,0.31906998,0.21858,37.42857,3.1127481,24.751
2453.TW,2.79,0.269,nan,0.135,0.04054,0.25784,0.065960005,22.50896,3.218367,65.364
2454.TW,57.6,1.196,21.114864,0.25763,0.088920005,0.49094,0.24112,26.041668,6.4721007,296.841
2455.TW,1.62,1.515,28.621292,0.19867,0.09916,0.41319,0.23791,101.234566,9.295471,16.966
2457.TW,0.72,1.155,nan,0.03576,0.01164,0.2745,0.00037,69.58333,2.214854,29.844
2458.TW,8.77,0.73,14.54465,0.27679002,0.12559,0.46550998,0.20905,18.757126,5.3452477,44.835
2459.TW,5.77,0.314,17.198177,0.1165,0.053039998,0.20888,0.116009995,13.084922,1.5532422,68.274
2460.TW,-1.24,1.009,32.254906,-0.093830004,-0.03367,0.02657,-0.10284001,nan,2.6146388,15.911
2461.TW,0.37,0.691,26.382978,-0.03528,-0.00614,0.21043,-0.02849,67.02702,1.4449688,35.377
2462.TW,1.85,0.567,10.722891,0.09843001,0.02332,0.15453,0.00352,19.243242,1.6855261,26.025
2464.TW,0.9,0.533,11.875,0.04479,-0.00437,0.17541,-0.03433,71.77778,3.0243444,40.405
2465.TW,-2.36,1.431,nan,-0.2544,-0.02787,0.14673,-0.08246,nan,11.316688,64.038
2466.TW,-0.05,0.279,nan,-0.00505,-0.02256,0.106979996,-0.46919,nan,3.3890648,5.936
2467.TW,3.44,0.416,nan,0.16128,0.03196,0.43103,0.14345999,40.988373,6.06817,24.291
2468.TW,1.21,0.659,nan,0.06866,0.02876,0.11691,0.03674,22.396694,1.5100859,33.576
2471.TW,3.65,0.279,nan,0.19237,0.0337,0.3939,-0.1338,15.863013,2.975487,17.09
2472.TW,6.01,1.301,10.166881,0.12748,0.06278,0.28867,0.14934,13.178036,1.7576954,55.123
2474.TW,18.79,0.465,16.101109,0.07846,0.00485,0.28265,0.07875,12.373602,0.9500382,26.74
2476.TW,4.3,0.929,nan,0.12942,0.04516,0.29680002,0.122609995,25.581394,3.0232239,30.051
2477.TW,0.63,0.486,nan,0.02221,-0.01205,0.15878999,-0.17146999,34.68254,0.85787207,14.985
2478.TW,2.89,0.982,7.434483,0.06288,0.0294,0.20445,0.08243,18.650518,1.162565,31.493
2480.TW,7.27,0.256,14.963055,0.28379,0.08048,0.24475999,0.12851,16.712517,4.6313944,68.711
2481.TW,2.27,1.369,14.861461,0.07639,0.01799,0.25686002,0.04832,25.99119,1.7037251,33.377
2482.TW,1.98,0.661,nan,0.118990004,0.04377,0.45449,0.069759995,19.924242,2.2336087,13.92
2483.TW,0.48,0.237,nan,0.014359999,-0.00451,0.139,-0.02347,53.125,1.1034184,16.467
2484.TW,1.33,0.901,nan,0.05177,0.02073,0.2376,0.00874,24.022556,1.2473161,14.184
2485.TW,-0.39,0.495,nan,-0.04877,-0.010980001,0.09810001,-0.14285,nan,1.0978521,16.673
2486.TW,0.8,1.381,24.040405,0.041339997,0.00598,0.14207,-0.06871,148.75,6.1204543,23.411
2488.TW,4.58,0.417,nan,0.15049,0.07121,0.2683,0.08592,10.414847,1.4831629,32.266
2489.TW,0.65,0.911,192.0,0.03325,-0.00382,0.0916,-0.027609998,29.538464,1.0417233,23.278
2491.TW,0.27,0.564,nan,0.015269999,-0.05807,0.29127002,-0.77014,56.111107,1.466886,2.467
2492.TW,4.67,1.316,6.7894135,0.05427,0.013839999,0.18789,0.04962,25.267666,1.1782327,68.325
2493.TW,5.84,0.111,nan,0.26539,0.107939996,0.35376,0.23261,16.232878,4.17566,29.565
2495.TW,1.07,0.66,nan,0.057779998,0.01921,0.511,0.10152,26.82243,1.861823,5.085
2496.TW,6.01,0.333,nan,0.14561,0.06449,0.53752,0.17909999,12.246256,1.7642266,41.607
2497.TW,2.01,1.051,16.016043,0.11517,0.03528,0.23833,0.03561,29.800997,3.2714365,31.49
2498.TW,-4.35,0.768,-38.44,-0.14907,-0.060900003,0.41412,-2.0285,nan,1.7237668,4.855
2501.TW,2.22,0.472,27.416666,0.09351,0.02394,0.2547,0.11687,14.81982,1.4124416,16.956
2504.TW,2.96,0.768,15.496795,0.13831,0.06516,0.24476999,0.20914,16.33446,2.2401888,17.979
2505.TW,0.72,0.654,104.230774,0.027460001,-0.00059999997,0.41067,-0.085109994,37.63889,1.0239553,1.663
2506.TW,-0.18,0.376,nan,0.00091,0.00096000003,0.27951,-0.00171,nan,0.6476327,4.872
2509.TW,-1.1,0.193,nan,-0.053829998,-0.0058899997,0.33723,-0.39653,nan,1.3228538,1.018
2511.TW,0.34,0.516,20.5,0.02086,0.00851,0.31584,0.10233,36.17647,0.7791221,4.948
2514.TW,3.76,0.108,nan,0.1029,0.026919998,0.1277,0.09358,6.4627657,0.765282,63.3
2515.TW,0.41,0.648,nan,0.027290002,0.011820001,0.07898,0.04157,37.80488,1.0499221,12.999
2516.TW,0.72,0.491,nan,0.10857,0.01549,0.03639,0.02229,16.874998,1.7241379,38.194
2520.TW,4.91,0.623,11.538461,0.14724,0.04685,0.31073,0.21858999,11.91446,1.6093092,36.497
2524.TW,1.57,0.31,32.09302,0.03285,0.01717,0.48569,0.35369998,35.159233,1.1375345,8.278
2527.TW,2.63,0.559,nan,0.05781,0.01209,0.311,0.214,17.528515,0.9599767,10.152
2528.TW,-0.35,0.62,nan,-0.026029998,-0.0038400001,0.10524999,-290.88776,nan,3.4726355,0.081
2530.TW,0.85,0.099,nan,0.068909995,0.025610002,0.43513,0.35222998,57.058823,3.9990106,3.223
2534.TW,0.46,0.47,5.2165356,0.01451,0.0075199995,0.48174998,0.25492,57.608696,0.8487061,3.577
2535.TW,3.83,0.319,nan,0.12738,0.02905,0.10873,0.01683,14.751959,1.722666,47.025
2536.TW,0.95,0.395,26.374046,0.01789,0.010299999,0.28106,0.21011,36.36842,0.98055905,9.715
2537.TW,-0.02,0.573,nan,-0.00090000004,0.0033399998,0.25783002,0.14199,nan,1.5953935,2.714
2538.TW,-0.2,0.469,nan,-0.01096,0.00206,0.70747,-0.23704,nan,1.3032922,0.788
2539.TW,2.15,0.242,nan,0.17603001,0.06669,0.45766997,0.44476002,35.116276,5.48652,8.258
2540.TW,5.03,0.849,nan,0.20108,0.054229997,0.45193002,0.39712003,37.176937,6.728313,22.792
2542.TW,1.09,0.231,12.152778,0.14941,0.02859,0.34959,0.18902001,48.165134,2.0984054,21.969
2543.TW,1.99,0.399,nan,0.21263,0.03756,0.095419995,0.058790002,23.768845,4.0955925,42.542
2545.TW,4.32,0.567,nan,0.11715999,0.02384,0.41935003,0.33421,13.125,1.5382111,20.149
2546.TW,9.52,0.445,20.973452,0.21365999,0.058730002,0.10298,0.04425,9.957983,2.5551183,116.17
2547.TW,-0.11,0.477,nan,-0.00088,0.0116,0.39063,0.12857,nan,0.9460937,8.73
2548.TW,7.58,0.226,18.433853,0.11848,0.040900003,0.31089002,-10.40036,25.0,2.814245,40.12
2597.TW,11.15,0.572,nan,0.28157,0.081549995,0.16407,0.1094,16.860987,5.2892194,123.645
2601.TW,-2.17,0.675,nan,-0.21683,-0.00782,0.64762,0.05689,nan,0.72897875,6.387
2603.TW,22.15,1.545,20.635721,0.09508,0.02772,0.18108,0.16763,9.232506,0.9288066,140.753
2605.TW,1.13,1.01,14.950739,0.044159997,0.02023,0.23093,0.27677,26.858408,1.0702448,7.453
2606.TW,3.82,0.88,14.170855,0.08935001,0.02498,0.25816,0.2306,14.764399,1.2628468,18.181
2607.TW,2.66,0.655,nan,0.09300999,0.03907,0.23999001,0.13124,12.218044,1.0458905,16.518
2608.TW,3.65,0.504,18.38565,0.14236,0.03926,0.1833,0.13816,11.232877,1.5080183,25.973
2609.TW,3.08,1.665,39.333332,0.034730002,0.00638,0.087519996,0.17889999,24.902597,0.9235623,42.23
2610.TW,1.4,0.751,21.171171,0.12271,0.02567,0.13748999,0.07919,16.785715,1.8392423,31.566
2611.TW,3.56,1.029,nan,0.2207,-0.00368,0.27954,0.0152900005,9.733147,1.9809055,3.465
2612.TW,1.43,1.065,12.215027,0.0239,0.01049,0.21169001,0.10836001,32.97203,0.772495,20.767
2613.TW,1.09,0.811,nan,0.04982,0.01854,0.15720001,0.078439996,39.908257,1.9118358,23.441
2614.TW,-1.06,0.588,nan,-0.09273,0.00187,0.30103,0.06482,nan,1.7578477,19.593
2615.TW,0.33,1.523,118.07693,0.00434,-0.00488,0.036510002,0.07141,279.09088,1.1869168,36.448
2616.TW,0.26,0.148,nan,0.01049,-0.0037599998,0.07301,0.0014200001,93.84615,0.68395233,118.323
2617.TW,4.45,0.853,11.682539,0.11512999,0.03463,0.38502,0.38337,8.269663,0.93049127,9.782
2618.TW,4.03,0.934,13.740876,0.22591999,0.05623,0.21393,0.12818,9.342432,2.0328276,38.559
2630.TW,0.17,0.612,57.31884,0.03553,0.01523,0.07611,0.04177,232.64705,2.4577432,25.68
2633.TW,1.39,0.363,25.818968,0.10927,0.03292,0.44779998,0.44002998,21.546762,2.295195,9.069
2634.TW,2.63,0.343,15.014245,0.14482,0.04085,0.11359999,0.072680004,20.038023,2.7632132,42.187
2636.TW,10.82,1.111,10.474716,0.17837,0.02935,0.18636999,0.046230003,9.380776,1.6006182,116.172
2637.TW,4.21,1.002,9.17647,0.102819994,0.031070001,0.26236,0.3082,16.674583,34.61538,0.773
2642.TW,1.13,0.717,52.01389,0.04597,0.0168,0.13552,0.01883,33.141594,1.6072272,44.016
2645.TW,5.45,0.256,19.736843,0.17528,0.05638,0.18613,0.15475,20.642202,3.5663338,40.485
2701.TW,0.54,0.267,nan,0.02928,0.014199999,0.79455,0.4682,24.537037,0.7152111,0.752
2702.TW,0.7,0.691,nan,0.03402,0.00518,0.82191,-0.01812,27.357143,0.9094363,9.207
2704.TW,5.09,0.167,71.50944,0.07095,-0.00464,0.27235,0.06696,14.891945,0.7473576,3.395
2705.TW,-0.25,0.39,nan,-0.00988,0.00254,0.32992,-0.03206,nan,0.80510825,11.692
2706.TW,0.59,0.367,nan,0.029679999,0.0128999995,0.76835996,0.67899,26.61017,0.7818725,0.693
2707.TW,11.57,0.562,17.122187,0.39955002,0.10901,0.37333,0.28726998,18.409681,7.4857664,53.166
2712.TW,0.25,-0.038,nan,0.0396,0.01954,0.30042,-0.030280001,123.2,2.5713809,6.249
2722.TW,0.71,0.276,nan,0.03205,0.01022,0.43054,-0.08023,82.39437,3.494206,6.192
2723.TW,3.71,0.757,13.691588,0.06001,0.03351,0.59149,0.06601,23.692722,1.3962576,110.407
2727.TW,15.66,0.388,14.4713,0.33597,0.06716,0.46857,0.06474,15.293742,5.6111336,271.676
2731.TW,17.49,0.651,12.167449,0.54636,0.0736,0.15067,0.050430004,8.890795,3.8874028,234.957
2739.TW,5.44,0.269,12.583826,0.45893002,0.022780001,0.39106998,0.1278,11.727941,4.5975356,54.541
2748.TW,3.25,0.374,15.977273,0.13121,0.04658,0.33764,0.19740999,21.63077,2.6811595,23.69
2753.TW,8.69,-0.077,13.801863,0.17572,0.07245,0.34841,0.091230005,18.757193,3.3548067,113.549
2762.TW,nan,nan,15.839041,0.10476,0.017970001,0.16408001,0.06052,nan,nan,93.331
2801.TW,1.22,0.393,nan,0.072399996,0.00463,nan,0.50206,14.918033,1.0171008,3.317
2809.TW,6.65,0.642,13.320159,0.15293,0.019170001,nan,0.76514,10.135339,1.4272405,10.014
2812.TW,1.42,0.333,nan,0.09901,0.00875,nan,0.5636,13.02817,1.2250032,3.164
2816.TW,6.29,0.266,nan,0.24174,0.04859,0.35474,0.16306,5.564388,1.1990819,47.979
2820.TW,0.9,0.234,nan,0.050219998,0.0054900004,1.0,0.76507,17.333334,0.8246551,1.461
2832.TW,3.12,0.225,nan,0.10191,0.03499,0.41112998,0.23101999,8.701923,0.83251566,19.075
2834.TW,1.21,0.448,21.058823,0.08542,0.0046200003,nan,0.47274,14.793387,1.1923794,3.328
2836.TW,0.63,0.245,nan,0.039809998,0.00273,nan,0.27121,18.88889,0.86238134,3.12
2838.TW,1.04,0.315,nan,0.0646,0.00484,nan,0.20323999,15.432693,0.91296923,4.581
2845.TW,1.11,0.422,nan,0.07819,0.0058099995,nan,0.41916,14.549549,1.0858603,3.14
2849.TW,1.02,0.379,nan,0.06028,0.0058,nan,0.29728,14.460785,0.8563632,2.86
2850.TW,10.57,0.395,nan,0.19477,0.04992,0.3753,0.16709,9.091769,1.6460552,63.917
2851.TW,3.14,0.505,nan,0.11594,0.029560002,0.14441,0.22983,8.407643,1.1089641,27.421
2852.TW,2.7,0.255,nan,0.10019,0.03086,0.3493,0.15517001,9.222222,0.8920574,25.089
2855.TW,2.84,0.788,nan,0.0933,0.02454,0.90791,0.22529,10.352113,1.3354532,5.834
2867.TW,-0.81,0.642,nan,-0.08527,-0.01427,-0.35537997,-1.35797,nan,0.82163644,17.733
2880.TW,1.62,0.457,16.572327,0.1084,0.0056800004,nan,0.45189998,16.265432,1.6531777,4.321
2881.TW,6.07,0.726,11.420205,0.09996,0.0064600003,0.32497,-0.0994,12.850082,1.1530104,50.039
2882.TW,5.36,0.629,10.470384,0.1043,-0.00046,0.12672,-0.42854,11.212686,1.042733,51.973
2883.TW,1.41,0.68,9.201183,0.09033,0.00642,nan,0.53506,11.028369,0.95241016,3.623
2884.TW,1.4,0.504,18.471336,0.09747,0.0061299996,nan,0.45206,20.714287,1.8507882,4.185
2885.TW,2.37,0.753,13.262548,0.105170004,0.00503,0.50312,0.15529001,14.493671,1.4561871,12.337
2886.TW,2.4,0.509,16.666666,0.10461,0.00786,nan,0.43374002,16.666666,1.6737102,4.854
2887.TW,1.0,0.606,13.984962,0.06729,0.00477,nan,0.41456002,18.6,1.1022222,4.131
2888.TW,0.29,0.65,12.371795,0.0198,-0.0086,-0.17073,-1.96961,33.27586,0.5793012,14.121
2889.TW,0.58,0.432,18.690477,0.05506,0.00682,0.99249,0.45733002,27.068966,1.2717699,2.097
2890.TW,1.78,0.466,13.668478,0.11823,0.0078799995,nan,0.50555,14.129213,1.578683,4.471
2891.TW,3.23,0.663,11.585366,0.14724,0.01041,0.60416,0.29293,11.764706,1.6040523,21.707
2892.TW,1.68,0.434,16.927711,0.09215,0.00519,nan,0.47989,16.72619,1.4756854,4.584
2897.TW,0.86,0.435,nan,0.061550003,0.0057300003,nan,0.54368,12.267442,0.74233043,3.31
2901.TW,0.46,0.084,nan,0.03756,0.01815,0.84605,0.21521,60.652172,2.2925227,1.875
2903.TW,1.8,0.316,30.545452,0.08727,0.02408,0.56053,0.138,18.666666,1.4726506,25.74
2904.TW,0.83,0.402,nan,0.0537,0.0184,0.28147,0.19883,23.192772,1.2474889,5.578
2905.TW,-1.03,0.538,nan,-0.053200003,-0.0135699995,-0.16611,-0.80146,nan,0.93230873,113.158
2906.TW,0.6,0.83,nan,0.056550004,0.02604,0.3018,0.05143,34.75,1.3064729,39.268
2908.TW,0.46,0.264,11.592179,0.03664,0.0070700003,0.2492,0.024260001,45.108696,1.5820372,72.203
2910.TW,1.14,0.638,nan,0.07816,0.02202,0.58087003,0.34969002,24.035088,1.821082,3.994
2911.TW,-5.04,0.413,-9.956522,-0.45490003,-0.08286,0.41083,-0.109689996,nan,1.2256913,21.199
2912.TW,10.31,0.111,22.638437,0.25333,0.03554,0.34036,0.04504,26.964111,6.8740416,310.342
2913.TW,-0.34,0.751,nan,-0.02098,-0.00322,0.385,-0.2989,nan,1.3758032,0.475
2915.TW,11.32,0.414,8.19928,0.121759996,0.00024000001,0.35214,0.01359,6.0335693,0.707054,2.523
2923.TW,0.47,0.834,54.583332,0.016280001,0.034879997,0.58178,0.56363,69.680855,1.1311045,7.063
2929.TW,-0.64,0.767,0.75158226,-0.024030002,-0.0018799999,0.16439,-0.03491,nan,0.3640544,21.131
2939.TW,-0.75,-0.177,nan,-0.03751,-0.07739,0.22908,-0.27645,nan,1.2790878,8.145
2945.TW,1.5,0.559,nan,0.054629996,0.016239999,0.26255,0.01191,29.433334,1.5899025,208.952
3002.TW,0.25,0.345,nan,0.01426,-0.00774,0.21301001,-0.049650002,63.0,1.1977186,6.052
3003.TW,3.57,1.005,19.177057,0.09237,0.04718,0.29629,0.12566,21.540617,1.9341048,26.584
3004.TW,6.28,0.556,nan,0.15956001,0.04621,0.26766002,0.14561,16.401274,2.3799071,59.797
3005.TW,6.55,0.634,14.234017,0.20199,0.06864,0.29207,0.14231,18.015266,3.542905,58.043
3006.TW,-3.26,1.327,100.96154,-0.08636,-0.051370002,0.02849,-0.08126,nan,2.922349,44.552
3008.TW,153.7,0.868,15.770056,0.12922,0.05849,0.48634,0.35009998,17.241379,2.1058302,382.26
3010.TW,8.67,0.515,13.613101,0.12538,0.03636,0.082600005,0.03237,15.340254,1.6709592,293.724
3011.TW,-1.19,0.604,nan,-0.14069,-0.05232,0.13789,-0.12279,nan,3.9648988,10.168
3013.TW,1.53,0.924,17.172676,0.09378,0.02392,0.12911001,0.04366,59.15033,5.213434,32.578
3014.TW,10.1,0.912,38.28633,0.25685,0.14071,0.54107,0.27304,17.475246,4.185043,40.152
3015.TW,3.34,0.698,nan,0.04638,0.01039,0.18608999,-0.00195,18.922157,0.8349186,66.491
3016.TW,0.6,0.612,59.649124,0.040960003,0.01956,0.119799994,0.0346,113.33333,4.0931797,15.803
3017.TW,14.87,0.745,25.79296,0.30150998,0.07399,0.21420999,0.12639,49.764626,13.195671,163.39
3018.TW,-3.44,0.663,1.6964285,-1.89866,-0.08871,-0.03046,-0.24182,nan,10.418095,7.003
3019.TW,3.07,1.155,25.477942,0.08266,0.0272,0.17527,0.02458,22.573292,1.5053437,65.472
3021.TW,1.35,0.059,14.064326,0.08612,0.04125,0.18882,0.058769997,17.814814,1.465391,31.428
3022.TW,8.29,1.24,12.332838,0.14465,0.04718,0.38171002,0.13475999,10.012063,1.3845564,40.365
3023.TW,13.64,0.552,17.315758,0.20705,0.06407,0.25571,0.111949995,21.187683,4.6567087,134.784
3024.TW,0.38,0.723,nan,0.03678,0.0127799995,0.28249002,0.066939995,54.078945,1.9887737,5.25
3025.TW,2.99,1.165,nan,0.21666999,0.09437,0.70652,0.17292999,23.344482,4.506424,9.185
3026.TW,4.16,0.677,11.834532,0.05421,0.022030002,0.16562,0.054780003,23.725962,1.7804314,76.328
3027.TW,1.12,1.479,17.566963,0.077659994,0.0049799997,0.21021,0.03404,35.133926,2.030234,18.045
3028.TW,1.79,0.512,nan,0.07914,0.023570001,0.06692,0.01289,20.0,1.5014888,148.467
3029.TW,4.6,0.464,nan,0.1712,0.06061,0.12325,0.0643,18.478262,3.4863212,92.265
3030.TW,5.0,0.292,nan,0.15597999,0.08859,0.5905,0.32529,32.7,5.04225,20.231
3031.TW,1.0,0.495,36.694916,0.058390003,0.01101,0.27385,0.09475,21.65,1.2998319,6.236
3032.TW,5.9,0.57,nan,0.18921,0.063260004,0.22943,0.08113,12.305084,2.5262718,74.042
3033.TW,1.61,0.661,nan,0.08492,0.03396,0.06163,0.026300002,23.881989,1.791789,170.589
3034.TW,38.5,1.02,14.96977,0.32799998,0.1512,0.41666,0.21059,16.077923,5.224378,182.101
3035.TW,5.46,1.111,30.26197,0.11419,0.06324,0.44747,0.12275,61.355312,6.414675,45.373
3036.TW,4.9,0.25,8.393113,0.06631,0.022780001,0.02868,0.01355,23.87755,1.4322088,727.894
3037.TW,6.69,1.55,12.959184,0.10614,0.021300001,0.18417999,0.05978,28.475336,3.069165,68.342
3038.TW,2.97,0.312,11.382978,0.18898001,0.06062,0.23435,0.07093,10.80808,1.9144747,28.289
3040.TW,1.06,0.459,nan,0.04476,0.025729999,0.68767,0.31463,34.575474,1.5468704,2.435
3041.TW,-8.81,1.264,23.865978,-0.73426,-0.12561,0.20663,-0.25511,nan,3.032089,7.483
3042.TW,6.1,0.836,14.285714,0.15371999,0.06366,0.35965002,0.16911,18.52459,2.7508643,36.499
3043.TW,nan,0.563,nan,0.00832,0.017070001,0.22304001,-0.04143,Infinity,1.9154396,29.453
3044.TW,12.81,0.739,12.164384,0.15066,0.060949996,0.20974001,0.13987,17.33021,2.4941297,113.999
3045.TW,4.35,0.119,23.45815,0.16867,0.052010003,0.18913001,0.096429996,24.48276,3.6671028,65.289
3046.TW,3.37,0.432,67.89474,0.23818001,0.042069998,0.07042,0.03959,19.139467,3.812958,80.393
3047.TW,-0.46,1.099,nan,-0.10902,-0.0345,0.23096001,-0.21474001,nan,2.1681378,19.226
3048.TW,0.31,0.49,38.34862,0.015829999,0.03209,0.030720001,0.013350001,134.8387,2.1339595,399.119
3049.TW,-1.2,0.602,27.290323,-0.10325,-0.05009,-0.73811996,-0.98706,nan,0.790876,1.521
3050.TW,0.72,0.685,nan,0.04393,0.011039999,0.38372,0.02342,29.305555,1.3038373,7.962
3051.TW,1.69,1.318,nan,0.11342,0.041869998,0.32009998,0.19599001,19.08284,2.1288533,11.36
3052.TW,1.06,0.622,nan,0.06336,0.01302,0.11054,0.0708,12.45283,0.7936508,17.595
3054.TW,-0.25,0.013,nan,-0.02587,-0.02794,0.29264998,-0.13078,nan,2.16,0.824
3055.TW,-2.3,0.278,-57.108437,-0.104090005,-0.024489999,0.21701999,-0.13779001,nan,4.5402303,10.441
3056.TW,0.72,0.662,11.348684,0.03691,0.00735,0.42369,-2.40305,47.916664,1.7604735,4.203
3057.TW,-1.43,1.256,36.125,-0.16663,-0.06159,0.34498,-0.10922,nan,1.8212755,6.181
3058.TW,-0.44,0.639,nan,-0.041160002,-0.01312,0.14852999,-0.07535,nan,2.0169349,22.251
3059.TW,1.29,0.806,nan,0.047909997,0.014989999,0.28906,0.050219998,30.387598,1.2120463,30.521
3060.TW,-0.62,0.963,nan,-0.03763,-0.0162,0.11229999,-0.02066,nan,1.7822735,21.079
3062.TW,-0.6,0.71,nan,-0.04007,-0.042480003,0.00107,-0.19018,nan,2.1371942,10.985
3090.TW,3.84,0.552,16.831684,0.13,0.06256,0.15915,0.101560004,17.708334,2.4523063,52.476
3092.TW,-1.28,1.097,nan,-0.04397,-0.0225,0.14907,-0.14717,nan,1.5577791,19.739
3094.TW,0.45,0.547,nan,0.03674,-0.00184,0.67227995,-0.24610001,69.333336,2.605428,2.57
3130.TW,13.34,0.199,23.465345,0.2557,0.094680004,0.86683,0.18224001,17.766117,4.497666,71.154
3138.TW,3.62,1.228,nan,0.09688,0.03299,0.42555,0.02365,35.63536,3.231706,36.444
3149.TW,-0.69,1.284,-19.09091,-0.07297,-0.0272,0.04137,-0.09957,nan,2.8730793,12.992
3164.TW,0.68,0.358,nan,0.03388,0.012990001,0.66807,0.25952,35.294117,1.5741833,4.104
3167.TW,0.26,0.598,12.643172,0.00865,-0.010319999,0.25209,-0.14365,220.76924,2.2252376,17.383
3168.TW,nan,0.531,nan,0.1153,nan,0.23823,0.09349,nan,nan,53.389
3189.TW,0.13,1.055,12.833787,0.036170002,0.00906,0.26107,0.04593,724.6154,1.3638732,59.638
3209.TW,2.5,0.582,14.796748,0.13109,0.03089,0.04512,0.02579,14.56,1.8525116,222.61
3229.TW,-0.54,0.27,nan,-0.03613,-0.02694,0.04445,-0.03165,nan,2.902525,13.644
3231.TW,5.14,0.839,12.980209,0.17141001,0.041840002,0.07979,0.0295,21.692608,2.8328252,317.123
3257.TW,3.51,0.824,37.875,0.19354999,0.10317001,0.48494998,0.22703,17.264957,3.264031,13.826
3266.TW,2.33,0.552,nan,0.13092,0.04066,0.29567,0.14974,10.665236,1.4227643,13.713
3296.TW,-0.41,0.395,nan,-0.03316,-0.02538,0.20916,-0.025090002,nan,2.1791072,15.652
3305.TW,2.2,1.014,25.294117,0.06063,0.03145,0.1441,0.07317,37.13636,2.204771,46.441
3308.TW,1.78,0.437,nan,0.049310002,-0.0017299999,0.31774,-1.37992,17.078651,1.7730082,6.82
3311.TW,1.81,0.578,-55.633804,0.046680003,0.01403,0.15067,0.02113,21.823206,0.9987863,31.629
3312.TW,2.18,0.661,nan,0.120699994,0.03156,0.055019997,0.01711,33.80734,4.2375803,98.308
3321.TW,-2.97,1.198,nan,-0.38638002,-0.081190005,0.02001,-0.12638,nan,3.192977,22.007
3338.TW,3.25,0.524,23.68272,0.14686,0.046669997,0.20691,0.05409,25.723076,3.6740792,43.917
3346.TW,2.65,1.044,10.142858,0.100889996,0.02409,0.13979,0.011039999,16.07547,1.4496698,78.138
3356.TW,4.76,0.972,254.2857,0.22507,0.041220002,0.48771998,0.13289,14.957982,3.1826918,14.517
3376.TW,5.3,0.482,28.155941,0.06231,0.0301,0.1825,0.09,42.924526,2.674174,59.0
3380.TW,0.81,0.835,16.238533,0.04165,0.01487,0.18837999,0.01874,43.703705,1.9717056,47.226
3406.TW,34.78,1.392,17.096083,0.19767,0.073020004,0.35611,0.2192,18.315125,3.3895237,209.178
3413.TW,19.61,1.294,13.486842,0.19458,0.06255,0.2589,0.14513,16.72616,2.670727,132.837
3416.TW,6.6,0.246,14.834631,0.19318001,0.088999994,0.40484002,0.21691,23.10606,4.069597,34.344
3419.TW,-1.02,0.875,33.962265,-0.09187,-0.06204,0.15541,-0.15611,nan,1.6811432,11.242
3432.TW,-9.91,0.979,nan,-0.06913,-0.04231,0.17867,-1.05435,nan,4.1066775,0.483
3437.TW,-0.64,1.556,nan,-0.05964,-0.03241,0.20241,-0.14844,nan,1.6857226,14.18
3443.TW,24.05,1.138,42.93263,0.33438,0.10416,0.29843,0.12397,67.567566,21.016554,189.553
3447.TW,-1.93,0.886,nan,-0.13045,-0.040599998,0.05017,-0.092130005,nan,2.3629692,27.779
3450.TW,0.06,0.767,22.420263,0.03876,0.01388,0.15594,0.066589996,1991.6667,4.4758234,37.217
3454.TW,4.12,0.969,23.127037,0.10257,0.03422,0.2762,-0.01161,34.46602,3.450622,96.109
3481.TW,-1.64,1.261,26.296295,-0.06279,-0.02184,0.03904,-0.062800005,nan,0.59151876,23.292
3494.TW,-1.53,0.718,nan,-0.42507,-0.06876,0.02417,-0.24451,nan,2.4398997,5.035
3501.TW,5.07,0.387,11.1360235,0.0947,0.04686,0.24283001,0.12985,14.69428,1.3542745,45.753
3504.TW,-3.78,1.31,236.8,-0.14328,-0.04652,0.09867,-0.20236999,nan,2.416721,24.907
3515.TW,9.03,0.877,18.242712,0.14671,0.0559,0.21030001,0.06061,25.636766,3.6229618,160.517
3518.TW,-1.22,1.614,nan,-0.07695,-0.02858,0.25253,-0.41070998,nan,2.203045,4.508
3528.TW,2.72,0.139,13.929578,0.06508,0.032309998,0.11806,0.06776,18.180147,1.8753793,85.798
3530.TW,-1.79,1.019,30.76923,-0.05718,-0.04537,0.06666,-0.1719,nan,3.643817,20.552
3532.TW,7.62,0.835,18.710691,0.12651,0.04921,0.30492002,0.12678,23.425198,2.8983388,36.464
3533.TW,52.15,0.39,19.745008,0.21821,0.118769996,0.48334,0.3198,33.557045,6.36565,225.503
3535.TW,-0.54,0.584,166.13637,-0.03647,-0.017380001,0.51812,-0.45082,nan,2.6403234,4.217
3543.TW,0.78,0.322,nan,0.01344,0.0063899998,0.17111,-0.032449998,29.038462,0.7184546,37.228
3545.TW,1.98,0.829,39.22414,0.04443,0.00315,0.20809,0.00223,45.959595,2.0424652,66.509
3550.TW,-1.67,0.372,nan,-0.19695999,-0.05269,0.09677,-0.05205,nan,0.8595749,39.889
3557.TW,6.4,0.625,12.439862,0.22322,0.08623999,0.38364,0.18485,11.3125,2.352559,66.311
3563.TW,5.19,1.154,19.664858,0.07585,0.03134,0.571,-0.07542,76.87861,4.861111,27.114
3576.TW,-2.59,0.861,8.961538,-0.28121,-0.06638,-0.23468,-0.20922,nan,1.5067253,5.735
3583.TW,8.86,1.638,51.542778,0.19054002,0.02628,0.30456,0.09186,41.478558,7.324073,93.834
3588.TW,0.96,1.036,nan,0.033859998,0.00493,0.37897,0.0061799996,98.958336,3.361642,21.389
3591.TW,0.11,0.935,55.08772,0.02015,0.00834,0.25206,0.04163,285.45453,1.5267175,15.018
3592.TW,23.81,1.143,12.765004,0.17717,0.05327,0.29389998,0.09382,17.954641,3.0631766,273.143
3593.TW,-0.62,0.412,nan,-0.11891,-0.0253,0.07146,-0.16584998,nan,2.589482,9.383
3596.TW,11.41,0.577,13.4854765,0.18556,0.04978,0.14576,0.060399998,14.241893,2.559176,239.087
3605.TW,-0.75,0.974,15.304053,-0.01887,-0.0127,0.21146,-0.030250002,nan,1.133662,62.412
3607.TW,-0.86,1.167,nan,-0.02871,-0.033859998,0.07329,-0.13508001,nan,1.225408,21.05
3617.TW,18.97,0.885,34.46026,0.28167,0.09224,0.4873,0.15734,15.313654,3.7007313,131.247
3622.TW,4.41,0.698,21.081081,0.11185,0.03787,0.41301,0.34744,17.687075,1.7238331,11.072
3645.TW,-0.06,1.166,14.006622,-0.00791,-0.00021,0.19926001,0.05219,nan,1.9718441,13.413
3652.TW,0.64,0.755,nan,0.02656,0.00488,0.32248002,-0.014049999,57.656254,1.5401311,30.265
3653.TW,17.79,0.446,42.72959,0.22721,0.10428,0.34041,0.22966999,56.49241,12.964229,86.687
3661.TW,50.78,1.338,26.902569,0.16882,0.0771,0.21463,0.11553001,54.6475,6.586302,472.9
3665.TW,13.91,0.787,13.0618515,0.098450005,0.045840003,0.24861,0.088640004,24.442846,2.3046784,312.205
3669.TW,3.1,0.89,nan,0.09283,0.01617,0.57185,-0.02121,16.806452,1.4179957,27.275
3673.TW,0.55,0.803,18.652967,0.00557,-0.00025,0.04698,-0.00942,74.27272,0.42786068,166.888
3679.TW,13.4,0.762,18.990042,0.15622,0.045900002,0.28922,0.18832001,9.962687,1.7503375,59.823
3686.TW,-0.26,1.468,nan,-0.02831,-0.030669998,-0.01329,-0.26726,nan,2.050114,0.751
3694.TW,2.35,1.128,nan,0.12495,0.03603,0.13406,0.018129999,21.787235,2.5071,62.188
3701.TW,1.51,0.239,nan,0.13703,0.04249,0.16165,0.029159999,34.63576,2.7957447,62.699
3702.TW,5.34,0.263,15.4827585,0.108780004,0.02352,0.03745,0.01788,16.816479,1.7042112,422.284
3703.TW,1.94,0.552,12.741379,0.03734,0.015,0.13251,0.01006,19.046392,1.1311109,36.562
3704.TW,2.29,1.167,8.305955,0.08604,0.01847,0.22838,-0.00644,17.663755,1.4812509,67.818
3705.TW,3.46,0.049,nan,0.13204001,0.05432,0.42731997,0.15903,15.722544,2.0631068,26.856
3706.TW,1.91,0.631,24.707447,0.03936,0.0018000001,0.12955,0.0057,24.319372,0.94095004,30.324
3708.TW,11.53,0.771,25.358423,0.15709,0.010369999,0.18829,0.03121,12.272333,1.817808,74.931
3711.TW,8.03,1.048,12.175102,0.111049995,0.036989998,0.15978,0.05666,22.166876,2.6425178,135.716
3712.TW,3.07,1.245,nan,0.03887,0.01171,0.12882,0.029140001,16.416939,1.476404,57.332
3714.TW,-7.99,1.073,-565.0,-0.12567,-0.029509999,0.084230006,-0.09345,nan,0.7286092,30.813
3715.TW,4.29,0.173,13.421053,0.18763,0.050100002,0.24691999,0.09415,15.454546,2.707338,58.35
4104.TW,4.68,0.117,18.02789,0.088120006,0.02475,0.20254,0.08104999,19.337608,1.6869537,53.137
4106.TW,1.39,0.22,17.75,0.061290003,0.03615,0.4323,0.07533,20.431654,1.2295969,25.706
4108.TW,-0.34,1.007,nan,-0.04326,-0.03837,0.39433,-1.40699,nan,2.007629,0.816
4119.TW,2.47,-0.183,16.021313,0.062459998,0.01328,0.27228,0.14531,36.518215,2.0964553,10.433
4133.TW,0.98,0.388,27.7459,0.04725,0.01909,0.4573,0.13841,34.540813,1.6101412,6.137
4137.TW,8.86,0.701,10.83388,0.13599,0.07834,0.83565,0.21125999,18.623026,2.4422014,57.725
4142.TW,-1.37,0.448,8.431952,-0.118030004,-0.04456,0.24139,-4.45273,nan,2.2646008,3.936
4148.TW,1.84,0.914,9.832347,0.06097,0.02456,0.22358999,0.0454,27.09239,1.4221728,40.169
4155.TW,0.11,0.313,nan,0.00853,-0.00485,0.13335,0.03629,232.72728,1.5549077,8.974
4164.TW,1.85,0.433,14.741143,0.05335,0.02382,0.2637,0.03095,29.243242,1.465251,22.537
4190.TW,-1.61,0.512,37.555557,-0.04763,-0.00476,0.66308,-0.12279,nan,1.5894912,45.884
4306.TW,1.37,0.673,nan,0.07904,0.01423,0.1716,0.05452,15.255474,1.0922393,21.398
4414.TW,-0.18,0.758,1.6489362,-0.03893,0.01313,0.18569,-0.02695,nan,0.72821236,15.793
4426.TW,-0.3,0.596,nan,-0.01928,-0.01096,0.13982001,-0.12142,nan,1.1050442,6.83
4438.TW,5.92,0.355,9.871245,0.07991,0.02527,0.13953,-0.08198,19.425676,1.4967722,157.247
4439.TW,8.2,0.595,10.566763,0.09629,0.0495,0.21879,0.07542,13.414635,1.2586533,135.487
4440.TW,1.02,0.172,nan,0.05013,0.00669,0.08396,0.03031,26.029411,1.4117085,14.375
4526.TW,-0.19,0.819,22.925926,0.00303,-0.0143,0.18916,-0.12166,nan,1.5555891,28.286
4532.TW,1.78,0.914,14.6,0.08732,0.02646,0.14734,0.061729997,16.404495,1.4917749,35.817
4536.TW,16.2,0.634,13.132607,0.17856,0.06691,0.33578998,0.16935,12.654321,2.16679,92.59
4540.TW,-3.23,0.751,10.07837,-0.09262,-0.03526,0.04948,-0.55016,nan,0.9883489,25.484
4545.TW,1.7,0.333,15.049261,0.06876,0.024149999,0.21844,0.07818,35.941174,2.4396086,25.8
4551.TW,4.58,0.88,13.388626,0.067490004,0.02547,0.20465,0.032560002,24.67249,1.6280779,59.856
4552.TW,3.16,0.352,2.865792,0.06122,0.046880003,0.22094,0.07006,8.987342,0.540078,42.696
4555.TW,-0.74,0.174,22.94737,-0.0135699995,-0.00488,0.2597,-0.00865,nan,1.6036881,19.667
4557.TW,9.32,0.189,18.67284,0.17649001,0.072909996,0.30749,0.11181,12.982833,2.3198743,78.706
4560.TW,1.29,0.238,nan,0.057540003,0.025309999,0.30737,0.07199,28.837212,1.4223447,18.472
4562.TW,-1.03,0.338,nan,-0.089829996,-0.0235,0.31557,-0.15976,nan,4.2056074,8.247
4564.TW,-1.94,0.648,nan,-0.089420006,-0.02733,-0.1297,-0.60263,nan,1.164585,5.687
4566.TW,3.34,0.824,21.41593,0.09177,0.0155299995,0.22413999,0.05796,28.982038,2.2208457,46.474
4569.TW,5.2,nan,nan,0.06521,nan,0.19969,0.08486,19.903847,1.2641839,42.371
4571.TW,6.11,0.739,nan,0.121079996,0.05468,0.28599,0.15935999,20.294598,2.3963206,48.085
4572.TW,6.84,0.451,17.865429,0.142,0.080579996,0.49001,0.36191002,22.51462,3.0426366,22.384
4576.TW,-0.2,1.094,nan,0.0022,-0.00357,0.29795,-0.11642,nan,2.3901212,17.294
4581.TW,5.8,-0.17,nan,0.18507,0.07539,0.31996,0.16806,10.75862,1.8872491,34.686
4583.TW,13.03,0.833,nan,0.112440005,0.052600004,0.55317,0.33865002,22.179586,2.4587793,34.313
4588.TW,nan,nan,nan,0.22948,0.07635,0.32919997,0.15511,nan,nan,25.9
4720.TW,0.34,0.675,nan,0.08049,0.015520001,0.21059,0.061339997,59.411766,1.5184544,32.93
4722.TW,2.24,0.357,13.1214695,0.08014,0.030050002,0.15958999,0.06311,20.736607,1.6218009,36.231
4736.TW,nan,0.12,15.192137,0.11753,0.03391,0.40627,0.115930006,nan,nan,45.571
4737.TW,0.11,0.616,22.115385,0.0034400001,-0.00118,0.41172,-0.00737,627.2727,2.2100508,29.75
4739.TW,0.03,1.615,17.279793,0.00828,0.00068999996,0.06533,0.06197,2223.3333,1.4326524,43.06
4746.TW,0.46,0.779,10.480256,-0.01041,0.035099998,0.45009997,0.16553,213.47826,1.5809385,37.941
4755.TW,4.56,1.279,15.72536,0.105100006,0.0469,0.21383,0.1153,31.14035,3.281113,48.884
4763.TW,80.16,1.191,7.218527,0.79864997,0.46808997,0.64775,0.61644,10.965569,6.043065,155.554
4764.TW,-1.08,0.462,nan,-0.041490003,-0.015140001,0.11236,-0.05983,nan,1.7076449,26.296
4766.TW,20.08,0.588,15.48985,0.18131,0.082600005,0.3259,0.15418,17.48008,3.4617774,174.52
4770.TW,20.47,1.078,14.628657,0.24452999,0.114930004,0.46141,0.35169,19.052273,4.4302073,68.762
4771.TW,nan,1.159,nan,0.27442,0.13075,0.40943,0.31133,nan,nan,53.893
4807.TW,-4.5,0.816,4.004684,-0.12544,-0.080790006,0.085930005,-0.13748999,nan,0.9063444,31.381
4904.TW,3.38,0.013,23.09589,0.14232999,0.04911,0.30286,0.13666001,24.940828,3.2730238,28.895
4906.TW,1.39,0.542,8.503325,0.0428,nan,0.113570005,0.02041,27.589928,1.169243,62.644
4912.TW,5.01,1.004,9.644269,0.09345,0.03186,0.26201,0.06645,24.351295,2.1301115,79.061
4915.TW,5.46,0.493,13.195021,0.13543999,0.036429998,0.16087,0.04304,17.472528,2.425321,131.25
4916.TW,0.5,0.803,8.585714,0.02973,0.02639,0.14964,0.03421,60.1,1.4159833,37.159
4919.TW,5.13,0.759,16.623207,0.13857001,0.03233,0.40922,0.05382,24.8538,3.3751588,83.048
4927.TW,-5.2,0.819,4.8127337,-0.14074,-0.02616,0.06807,-0.082229994,nan,1.1336901,63.965
4930.TW,3.79,0.628,nan,0.10381,0.023729999,0.18180999,0.0435,8.957784,0.8528865,89.268
4934.TW,-0.63,0.797,nan,-0.12800999,-0.05271,0.06787,-1.8599299,nan,2.3444297,7.051
4935.TW,4.33,0.584,4.5662737,0.06774,0.01975,0.16712,0.03662,15.196306,1.0154477,48.582
4938.TW,5.94,0.501,16.172506,0.0842,0.0164,0.03896,0.01207,20.20202,1.6936953,446.242
4942.TW,4.56,0.545,10.0,0.077470005,0.04146,0.24499,0.09335,10.197369,0.76666886,41.978
4943.TW,-2.76,0.872,1.6598022,-0.97913,-0.08914,-0.011820001,-0.28041,nan,6.674395,17.901
4949.TW,nan,0.089,nan,0.041020002,0.02221,0.21681999,-0.09561,nan,nan,60.776
4952.TW,1.8,0.462,19.36232,0.0836,0.03874,0.37598,0.07952,37.111115,3.325534,20.721
4956.TW,-1.26,1.278,15.906433,-0.07132,-0.0382,0.01263,-0.13166,nan,1.5979322,10.98
4958.TW,6.84,0.734,11.438475,0.07453,0.022869999,0.18194,0.022839999,19.298244,1.2707337,161.238
4960.TW,-0.68,0.88,-28.67347,-0.04088,-0.01686,0.05274,-0.04547,nan,0.8717503,15.668
4961.TW,14.14,1.956,13.348946,0.11013,0.05468,0.32333001,0.10285,20.155586,1.948758,99.369
4967.TW,7.47,0.833,nan,0.24678,0.05035,0.105450004,0.11545999,19.879519,3.9870055,256.468
4968.TW,-1.17,2.335,36.65644,-0.046719998,-0.03521,0.28804,0.0004,nan,9.68317,35.523
4976.TW,-1.5,1.522,30.596027,-0.07855,-0.054050002,-0.12445,-0.14178,nan,2.5533326,6.719
4977.TW,1.89,0.855,20.17857,0.03458,-0.00095,0.15423,-0.18471001,41.851852,1.6700094,13.733
4989.TW,-1.14,1.126,nan,-0.069460005,-0.05666,-0.03185,-0.09666,nan,1.568358,25.056
4994.TW,3.33,1.028,38.414635,0.17334999,0.07906,0.6105,0.30212998,37.837837,6.395939,25.306
4999.TW,1.09,0.551,26.828358,0.02414,-0.00079,0.16839,-0.03492,32.98165,0.78960663,25.977
5007.TW,3.57,0.304,13.497652,0.16213,0.08547,0.24824,0.17684,16.106443,2.6590824,23.091
5203.TW,3.33,0.41,21.82377,0.05717,0.01606,0.85769,0.06996,31.981983,1.8101163,24.403
5215.TW,3.11,0.415,nan,0.060960002,0.03934,0.27954,0.05323,16.784567,0.9974586,41.009
5222.TW,6.18,0.529,22.632313,0.23455,0.11575,0.54831004,0.28718,26.294498,5.820409,17.592
5225.TW,8.34,0.484,15.027322,0.26591998,0.06809,0.1588,0.05624,13.189448,2.990187,164.869
5234.TW,5.23,0.972,17.88155,0.19468,0.08294,0.35347998,0.12677,30.019121,5.703491,41.385
5243.TW,3.17,0.756,15.845772,0.071329996,0.03968,0.19239001,0.06349,20.094637,1.3653121,67.915
5244.TW,2.49,0.558,nan,0.100959994,0.05159,0.46580002,0.1522,18.855421,1.8611751,12.828
5258.TW,8.26,0.935,11.022632,0.24677,0.089420006,0.32724997,0.06985,15.920096,3.5037704,77.151
5269.TW,39.27,1.014,25.482626,0.1277,0.058130004,0.55046004,0.38009,58.82353,8.180929,92.489
5283.TW,6.35,0.572,nan,0.11882,0.04398,0.32376,-0.054130003,16.929134,2.0306008,83.351
5284.TW,4.56,0.637,10.031974,0.09792,0.03822,0.37330002,-0.16400999,27.52193,2.6792767,47.839
5285.TW,2.16,1.223,12.25,0.07993,0.02776,0.14318,0.0349,31.759256,2.5494275,49.331
5288.TW,15.29,0.593,12.432106,0.22995001,0.08764,0.20786,0.15066,13.472858,2.761357,108.627
5292.TW,nan,0.362,nan,0.2856,0.08871,0.26868,0.18341999,nan,nan,62.107
5306.TW,4.97,0.935,15.31823,0.08420999,0.04052,0.37585998,0.16261,28.57143,2.2694583,35.859
5388.TW,9.16,0.714,9.294872,0.21741,0.04577,0.17309,0.0529,12.663755,2.4049923,235.625
5434.TW,14.98,0.495,14.527027,0.21669,0.06683,0.13557,0.0733,18.65821,3.6948907,261.382
5469.TW,4.9,0.634,9.041322,0.10083,0.05377,0.25431,0.15398,11.163265,0.90794414,79.275
5471.TW,1.33,0.211,6.082474,0.061290003,0.02681,0.42321998,0.04048,39.92481,2.4466665,15.985
5484.TW,-1.12,0.798,97.971016,-0.122559994,-0.0709,0.22264999,-0.48668,nan,7.828604,5.321
5515.TW,1.89,0.498,nan,0.09549,0.0028799998,0.091809995,0.012510001,12.936508,1.194256,17.129
5519.TW,4.6,0.465,nan,0.20605,0.061100002,0.26834,0.15147,10.597826,2.0570488,28.951
5521.TW,0.11,0.515,nan,0.00959,0.00209,0.0591,-0.06583,116.818184,1.1909176,11.845
5522.TW,3.9,0.338,12.9221735,0.06978,0.02638,0.30461,0.20729999,22.564102,1.5640274,24.763
5525.TW,2.4,0.3,nan,0.13096,0.03046,0.27438998,-0.19333,15.229166,1.9524573,17.831
5531.TW,-0.85,0.64,nan,-0.035940003,-0.0043099998,0.26349002,-0.68267,nan,1.0808723,3.865
5533.TW,1.97,0.234,nan,0.0612,0.03284,0.33153,0.17801,12.157361,0.7334926,9.095
5534.TW,6.12,0.295,10.220526,0.088369995,0.03026,0.30068,0.20403999,19.689543,1.7449101,33.397
5538.TW,1.15,0.487,5.3262644,0.033800002,0.01353,0.089099996,0.06078,28.391306,0.9730874,60.213
5546.TW,-1.01,0.259,nan,-0.095690005,-0.0080699995,0.08563,0.049689997,nan,1.0442858,45.961
5607.TW,2.61,0.536,18.811882,0.08925,0.024030002,0.46925998,0.34043998,21.83908,1.8893566,9.606
5608.TW,-1.31,1.356,1.9140271,-0.06328,-0.00387,0.04871,-0.10438,nan,0.83951885,8.851
5706.TW,3.6,0.49,39.35,0.18569,0.04146,0.16159001,0.090550005,21.86111,3.779656,33.501
5871.TW,14.31,1.148,9.040487,0.15105,0.02686,0.71453005,0.51114,11.3906355,1.6431949,39.076
5876.TW,3.03,0.54,12.118421,0.07112,0.0073,nan,0.57616,15.19802,1.1588404,8.301
5880.TW,1.2,0.397,14.059139,0.07514,0.00382,nan,0.44752997,21.791666,1.5583099,3.726
5906.TW,2.39,0.574,nan,0.10949001,0.03708,0.53715,0.0756,27.824266,3.2264326,61.545
5907.TW,-11.37,0.683,nan,-0.35718,-0.007900001,0.83844,0.04287,nan,0.35753724,18.793
6005.TW,2.01,0.845,nan,0.113409996,0.01935,0.89075994,0.32956,12.263681,1.285595,5.415
6024.TW,4.91,0.42,nan,0.14294,0.019709999,0.56133,-0.03004,11.873727,1.6377784,10.447
6108.TW,0.74,0.466,6.952862,0.03282,-0.0028600001,0.100880004,-0.029760001,27.905405,0.9060196,36.835
6112.TW,2.98,0.246,nan,0.10759,0.01985,0.1376,0.00751,22.516777,3.0177646,105.598
6115.TW,3.23,0.206,14.961832,0.11062,0.04106,0.16638,0.06944,18.204334,2.0802376,34.216
6116.TW,-1.74,1.072,36.25926,-0.114020005,-0.05716,-0.22281,-0.43385,nan,0.6956583,4.273
6117.TW,2.66,0.947,nan,0.19378,0.04285,0.26331,0.12988,48.1203,8.529353,29.54
6120.TW,0.5,0.998,-802.5,0.03691,-0.00187,0.05553,-0.02883,32.1,1.1540121,29.315
6128.TW,3.27,0.089,nan,0.10662,0.03896,0.41847,0.09448,11.6972475,1.1960975,41.692
6133.TW,0.23,0.849,nan,0.02355,0.00137,0.19756001,-0.05451,67.17391,1.602697,8.337
6136.TW,0.91,0.249,nan,0.03036,-0.0059399996,0.1965,-0.03131,25.714285,0.65027094,4.377
6139.TW,9.11,1.045,nan,0.27882,0.06044,0.09255,0.07565,24.698135,4.024901,300.281
6141.TW,-5.23,0.605,6.4901958,-0.31946,-0.05987,-0.09558,-0.37632,nan,1.213343,24.876
6142.TW,-0.35,0.67,nan,-0.01164,-0.02401,0.06809,-0.43591,nan,1.0477691,7.677
6152.TW,-0.1,1.024,nan,-0.01449,-0.02246,0.18652001,-0.02891,nan,1.5466816,13.052
6153.TW,-5.45,0.906,5.7951484,-0.22485,-0.060149997,-0.079,-0.39029998,nan,1.0138161,17.166
6155.TW,0.93,0.839,23.861788,0.05274,-0.0031,0.19895001,-0.06785,31.55914,1.6611955,5.934
6164.TW,-0.01,1.023,27.45763,-0.00221,-0.01424,0.27849,0.01954,nan,1.451613,7.584
6165.TW,1.16,0.296,nan,0.06506,0.01582,0.24059999,0.00105,34.13793,2.2569246,43.678
6166.TW,0.78,-0.099,33.061222,0.025020001,0.00281,0.36705002,-0.05928,103.84616,3.393523,48.685
6168.TW,0.5,0.818,10.234042,0.02884,0.00583,0.268,-0.017760001,48.1,1.6193105,9.613
6176.TW,13.79,0.715,17.457073,0.18105,0.06117,0.2048,0.117089994,15.482234,2.6926472,98.2
6177.TW,4.69,0.375,16.805555,0.22646,0.040289998,0.25814,0.0535,12.899787,2.7214248,34.485
6183.TW,3.18,0.243,nan,0.18136999,0.09274,0.43477002,0.22610001,23.459118,4.117452,15.588
6184.TW,3.47,0.065,nan,0.12527001,0.04822,0.50071996,0.28915,15.417868,1.876732,14.016
6189.TW,5.38,0.409,nan,0.20569,0.05669,0.08357,0.04484,17.37918,3.3336897,159.688
6191.TW,6.68,0.765,nan,0.15446,0.063769996,0.24815,0.17422001,10.389222,1.4987583,48.407
6192.TW,8.91,0.651,12.848298,0.14249,0.06192,0.31168,0.15571,13.973064,1.9060595,72.851
6196.TW,11.66,1.375,13.828904,0.19513,0.031240001,0.087749995,0.01559,14.279589,2.8616116,286.88
6197.TW,6.24,0.524,nan,0.25892,0.096090004,0.31125998,0.17403999,30.128206,7.1747513,43.849
6201.TW,4.56,0.305,nan,0.16665001,0.07928,0.25243,0.08768,14.035088,2.296376,37.355
6202.TW,0.13,0.501,37.763973,0.00686,-0.00051,0.39331,-0.13677,467.69232,3.6268194,10.076
6205.TW,1.5,0.498,16.450891,0.05271,0.017339999,0.36993998,0.12568,49.13333,2.4406397,14.578
6206.TW,4.68,0.452,13.666667,0.12862,0.0747,0.41055,0.21759,20.149574,2.7485502,26.087
6209.TW,-0.14,1.231,-193.75,-0.0074299998,-0.02311,0.06741,-0.07646,nan,1.7600635,14.896
6213.TW,2.08,0.997,16.64244,0.03871,0.020550001,0.12893,0.04004,55.04808,2.0907514,68.807
6214.TW,6.8,0.428,21.879936,0.11562,0.033350002,0.21693,0.047030002,20.367647,2.292477,149.44
6215.TW,0.97,0.757,nan,0.05816,0.0055,0.30598,0.032,57.113403,3.2162554,12.195
6216.TW,1.94,0.27,nan,0.072680004,0.027479999,0.47025,0.072909996,24.974226,2.646384,8.421
6224.TW,1.47,0.759,758.5714,-0.0033500001,-0.0050199996,0.26860002,-0.01363,36.122448,1.785534,32.161
6225.TW,0.39,0.481,nan,0.119090006,0.00863,0.18445998,0.00661,41.025642,4.606968,2.146
6226.TW,-0.49,0.185,nan,-0.043070003,-0.01753,0.23866,-0.16041,nan,1.1172329,6.249
6230.TW,6.4,0.833,52.109375,0.097229995,0.03066,0.19973,0.00084,52.109375,4.872454,111.198
6235.TW,4.14,1.018,7.2712812,0.21805,0.07293,0.30087,0.13428001,22.077295,4.4154587,31.044
6239.TW,11.46,0.783,14.385066,0.14667,0.04735,0.18187,0.111549996,17.146597,2.584676,97.718
6243.TW,1.64,1.237,-40.124996,0.08999,0.01638,0.3456,-0.025829999,39.14634,3.432788,19.176
6257.TW,4.65,0.583,13.837012,0.14291,0.03758,0.23923999,0.14193,17.526882,2.1942816,35.054
6269.TW,6.12,0.779,14.30622,0.079780005,0.02204,0.14883,-0.02786,14.656862,1.1926606,97.857
6271.TW,5.46,1.09,16.26443,0.04639,0.02481,0.23963,0.14427,28.388279,1.3295933,55.752
6277.TW,4.01,0.254,11.783166,0.10585,0.059559997,0.5998,0.12956999,20.598503,2.1502016,41.4
6278.TW,9.85,1.242,13.315508,0.15408,0.03666,0.1184,0.055609997,12.639593,1.8171734,164.202
6281.TW,4.89,0.159,nan,0.19500999,0.03756,0.19881001,0.032390002,17.198364,3.3068576,202.769
6282.TW,-0.1,0.888,25.827814,-0.00299,0.00681,0.22624001,-0.00808,nan,1.4702002,40.2
6283.TW,-1.01,1.135,84.02777,-0.09239,-0.0446,0.058480002,-0.12315,nan,2.793683,9.63
6285.TW,8.84,0.59,14.247787,0.14687,0.04335,0.123780005,0.029409999,18.21267,2.4087374,251.811
6288.TW,0.27,1.061,22.173914,0.01898,-0.0047400002,0.13979,0.00485,113.33333,1.9914097,23.773
6405.TW,-1.12,1.012,nan,-0.029460002,-0.03004,-0.05559,-0.75877,nan,0.6632543,2.811
6409.TW,40.88,1.015,36.316093,0.38408002,0.15642999,0.31224,0.21546,45.865948,17.376879,216.017
6412.TW,8.42,0.506,11.805555,0.28873,0.0884,0.21700001,0.097399995,17.16152,4.7031636,90.357
6414.TW,15.14,1.044,14.608434,0.114829995,0.02339,0.19599001,0.02961,22.424042,2.060573,997.404
6415.TW,1.56,1.628,40.310078,0.01709,-0.00393,0.44467,0.01904,333.33334,6.3087654,41.423
6416.TW,3.99,0.384,18.723404,0.08284,0.03583,0.24159999,0.06507,33.082706,2.9628966,52.424
6426.TW,-2.69,1.624,nan,-0.08859,-0.080419995,0.08005,-0.70815,nan,2.4450138,9.642
6431.TW,-1.98,0.72,nan,-0.18417,-0.070149995,0.20483999,-0.63514,nan,1.8842443,5.23
6438.TW,7.83,1.112,14.831607,0.15681,0.05335,0.29381,0.114580005,14.623244,2.143673,74.669
6442.TW,4.15,1.056,156.64894,0.083129995,0.041789997,0.35546002,0.14383,70.96385,9.521193,39.478
6443.TW,0.71,1.231,12.419354,0.0533,0.03871,0.16538,0.02548,37.95775,1.8021934,14.481
6446.TW,nan,0.5,44.71767,0.02418,-0.03332,0.88579005,0.01064,nan,nan,17.809
6449.TW,4.96,1.022,45.398773,0.11655,0.04792,0.27151,0.1588,29.838709,4.4665766,33.369
6451.TW,2.75,1.033,nan,0.04062,0.00877,0.23691,-0.06666,98.181816,4.315926,45.409
6456.TW,-4.53,0.83,12.442883,-0.050809998,-0.02547,0.04926,0.00387,nan,0.8150298,213.285
6464.TW,5.62,0.171,nan,0.08831,0.04413,0.50751996,0.30957,15.160142,1.34334,32.994
6472.TW,nan,0.65,18.293247,0.31609,0.10739,0.53527,0.31218,nan,nan,121.716
6477.TW,0.44,1.181,15.805085,0.011510001,0.015319999,0.26556998,-0.14671,84.77273,1.414808,9.616
6491.TW,24.33,1.442,15.237488,0.23306,0.11292,0.55247,0.34300998,19.646526,3.8638127,94.649
6504.TW,2.49,0.677,26.785715,0.05026,0.01143,0.12776,0.03196,30.120481,1.486591,85.051
6505.TW,2.36,0.382,19.193083,0.0696,0.021440001,0.0372,0.01874,28.220339,1.9784334,73.392
6515.TW,14.94,1.199,21.007547,0.16136,0.06964,0.38684,0.20709999,68.94244,10.69552,109.147
6525.TW,4.31,0.608,12.071428,0.1452,0.052389998,0.20335,0.12214,15.684455,2.2035334,34.198
6526.TW,8.08,-1.459,nan,0.11028,0.043569997,0.48731,0.11562,98.019806,8.114505,92.74
6531.TW,10.72,2.487,31.038647,0.17063,0.04335,0.42558,0.14125,35.96082,5.8841486,26.228
6533.TW,-1.95,1.833,60.48951,-0.02037,-0.04897,0.99904996,-0.91128,nan,4.5974445,20.648
6541.TW,-14.37,0.341,-10.614973,-2.7723,-0.42087,0.57268,-125.71254,nan,13.106636,0.26
6550.TW,-2.28,0.796,nan,-0.15277,-0.10272,0.1739,-605.71655,nan,6.5633545,0.005
6552.TW,0.57,0.585,11.890838,0.00301,-0.01417,0.02211,-0.06415,107.01755,2.0011153,21.27
6558.TW,nan,1.327,27.5,0.00044,-0.0123000005,0.16733,-0.08202,Infinity,1.6488664,12.373
6573.TW,-2.93,0.747,nan,-0.30759,-0.05948,0.02861,-0.1574,nan,1.7768698,14.112
6579.TW,10.57,0.861,26.857143,0.1162,0.0396,0.35544997,0.05025,17.786188,2.8679082,67.417
6581.TW,4.92,0.586,20.9,0.14734,0.08732,0.43197,0.32836,21.239838,3.0893395,19.213
6582.TW,-1.04,0.561,nan,-0.0187,-0.022650002,0.00513,-0.22867,nan,0.9656134,8.456
6585.TW,7.74,0.318,21.891891,0.18236,0.081470005,0.36845002,0.25764,26.162792,4.3206453,42.809
6591.TW,3.3,1.271,nan,0.07468,0.02762,0.28030002,0.082729995,18.666666,1.2787776,38.795
6592.TW,5.9,0.367,17.339312,0.11217,0.01351,0.51579,0.18511999,19.661016,2.2749112,45.92
6598.TW,-2.16,0.553,-19.09375,-0.25617,-0.11943,0.67908996,-0.84954,nan,4.0415397,4.818
6605.TW,16.71,0.662,nan,0.15981,0.061189998,0.32922,0.21099001,14.991024,2.3237045,113.501
6606.TW,0.99,0.077,nan,0.0659,0.0437,0.40055,0.20838,27.32323,1.8099699,6.835
6625.TW,7.3,0.279,nan,0.43087003,0.13569,0.19914,0.03325,13.424657,4.7586675,62.302
6641.TW,1.81,0.075,8.822269,0.04125,-0.0004,0.31493,0.01022,22.762432,1.0274827,50.089
6655.TW,3.65,-0.001,nan,0.12769,0.03952,0.48999,0.18,34.38356,4.0272117,33.343
6657.TW,-3.49,0.545,nan,-0.37396,-0.23567,0.72613,-38.953842,nan,5.790097,0.094
6658.TW,nan,-0.053,nan,0.033770002,0.00606,0.23524,-0.01303,nan,nan,40.778
6666.TW,1.38,0.342,nan,0.05861,0.02675,0.62457,0.09707,45.797104,1.8181819,21.574
6668.TW,-2.78,1.246,31.336634,-0.14741,-0.04458,0.03548,-0.19082001,nan,3.1107178,11.778
6669.TW,76.83,0.574,20.119835,0.29716,0.10217,0.10189,0.08411,38.461536,10.645925,1357.253
6670.TW,18.87,0.319,10.9015465,0.20346001,0.093260005,0.24086,0.16378,15.315314,3.1090646,178.452
6671.TW,3.02,0.108,nan,0.11675999,0.064169995,0.38887,0.106479995,15.182118,1.7254355,31.915
6672.TW,6.18,0.647,12.307693,0.14579001,0.060489997,0.33118,0.09029,13.7216835,1.9084486,65.394
6674.TW,-4.52,0.704,nan,-0.2409,-0.096999995,0.0817,-0.20087999,nan,1.7050297,16.333
6689.TW,2.79,0.894,22.39264,0.056539997,0.01249,0.12783,0.00085,39.24731,2.51118,152.177
6691.TW,19.88,0.465,nan,0.39303002,0.11153,0.17995001,0.16347,21.881289,8.259912,168.624
6695.TW,-0.54,0.542,nan,-0.03002,-0.03937,0.4118,-0.23533002,nan,4.2514596,11.251
6698.TW,-0.89,1.001,nan,-0.00379,-0.014989999,0.2015,-0.08737001,nan,2.007239,16.158
6706.TW,-5.33,1.462,24.038462,-0.104779996,-0.059580002,0.05608,-0.89027,nan,2.3202095,15.214
6715.TW,6.29,0.544,19.578947,0.11316,0.06316,0.37763,0.18997,29.570747,3.5059943,37.519
6719.TW,2.27,1.475,32.648647,0.02199,0.0046200003,0.30044,0.055180002,133.03964,3.0156274,38.954
6742.TW,nan,-0.144,nan,0.01351,-0.0136899995,0.107489996,-0.10569,nan,nan,7.155
6743.TW,-0.16,1.461,9.552,-0.0086199995,0.0137600005,0.17997,0.03802,nan,3.3105972,28.007
6753.TW,6.23,-0.089,nan,0.22490999,0.07376,0.23363,0.29184,20.70626,4.227706,42.739
6754.TW,4.56,0.634,nan,0.15281,0.057350002,0.21476999,0.05994,14.1228075,2.1278706,75.818
6756.TW,3.08,1.492,nan,0.07803,0.01983,0.44233,-0.08788,68.019485,5.2053566,29.672
6768.TW,4.27,0.376,16.844038,0.058720004,0.02309,0.18221001,0.07554,21.49883,1.2568456,75.764
6770.TW,-0.56,0.85,21.23077,-0.024,-0.01616,0.11096,-0.1008,nan,1.2151632,10.625
6776.TW,5.01,0.132,11.157895,0.17409,0.0428,0.06769,0.02165,12.69461,2.3224392,283.311
6781.TW,21.24,2.199,16.729527,0.13397999,0.059299998,0.37780997,0.22475,29.237288,3.8540308,110.255
6782.TW,6.87,0.548,20.823969,0.09672,0.04144,0.35749,0.13998,40.465794,5.9069757,38.058
6789.TW,1.46,1.778,37.172775,0.02728,0.00966,0.16219,0.09656999,243.15068,6.6901608,24.518
6790.TW,2.87,0.4,10.285171,0.19102,0.094510004,0.26990998,0.121020004,18.850174,2.403483,38.849
6792.TW,3.8,0.466,nan,0.11592,0.053790003,0.3462,0.08271,21.684212,2.43197,29.341
6796.TW,1.49,0.391,nan,0.07034,0.02945,0.55269,-0.20413,57.046978,3.755412,15.059
6799.TW,5.22,1.234,26.090467,0.17542,0.097229995,0.45582,0.1449,30.938698,5.094316,25.349
6805.TW,nan,0.391,18.856737,0.23056,0.08502,0.2359,0.15773,nan,nan,101.57
6806.TW,3.09,0.393,17.295597,0.0551,0.01877,0.10033,0.02559,44.498383,2.5636723,56.349
6807.TW,5.87,0.422,nan,0.16025,0.06112,0.19872,0.08432,10.289609,1.5606027,72.328
6830.TW,4.58,1.265,17.576141,0.083330005,0.04566,0.35403,0.041220002,30.240175,2.5230443,40.773
6834.TW,-0.64,1.06,nan,-0.03742,-0.04034,0.05343,-0.06118,nan,2.6940324,11.074
6835.TW,3.95,-0.241,nan,0.17339,0.0551,0.26628,0.10231,13.1645565,2.19326,33.911
6861.TW,2.56,0.716,nan,0.084139995,-0.00035,0.26138002,-0.02962,29.257814,2.3017824,45.503
6863.TW,7.16,nan,18.85759,0.09982,0.047470003,0.3091,0.21666001,33.659218,3.1978133,40.352
6901.TW,-5.07,nan,nan,-0.29132998,-0.18072,nan,1.05087,nan,2.9849167,-4.005
6906.TW,nan,nan,nan,0.14963001,0.07956,0.81137,0.18501,nan,nan,12.021
6914.TW,nan,nan,nan,0.26277,0.07091,0.24099001,0.17184,nan,nan,70.944
6916.TW,nan,nan,nan,0.0529,0.01685,0.2585,-0.03066,nan,nan,31.936
6928.TW,nan,nan,nan,0.20425,0.07977,0.23214,0.01948,nan,nan,46.643
6933.TW,nan,nan,nan,nan,nan,0.16795999,0.03272,nan,nan,170.555
6937.TW,nan,nan,nan,0.14275,nan,0.4525,0.16559,nan,nan,33.316
8011.TW,0.1,1.101,15.981012,0.02094,0.00674,0.14612001,0.08343001,252.5,1.440881,14.911
8016.TW,14.87,0.73,6.539986,0.20788999,0.084309995,0.35341,0.15148,18.863483,3.3087585,144.1
8021.TW,-0.21,0.716,18.72781,-0.00784,0.00822,0.22754999,0.02762,nan,1.0282985,20.173
8028.TW,2.0,0.912,41.93237,0.08889,0.01402,0.21583,0.052470002,43.4,3.7475176,20.098
8033.TW,0.08,1.205,nan,0.00962,-0.015240001,0.4066,0.020280002,872.50006,8.057255,7.156
8039.TW,2.49,0.441,20.631578,0.06938,0.030450001,0.23201,0.04783,23.614458,1.5387433,41.704
8046.TW,5.17,1.42,18.21918,0.07468,0.01915,0.11093,-0.111820005,38.58801,2.8705862,56.909
8070.TW,2.27,0.794,3.534166,0.12788,0.027709998,0.18451999,0.09639,21.189426,1.9867002,24.32
8072.TW,0.97,0.627,nan,0.03855,0.0025799999,0.17817,0.0022200001,32.680412,1.1462665,14.068
8081.TW,18.76,0.702,15.949169,0.23754999,0.101940006,0.4095,0.19296,16.391258,4.1133823,94.159
8101.TW,-2.61,0.907,3.8297873,-1.3253101,-0.15239,0.09401,-1.62243,nan,5.8158317,2.023
8103.TW,3.05,0.988,11.646586,0.08856,0.03433,0.33620998,0.06279,19.016394,1.4771426,37.497
8104.TW,-3.14,1.134,44.814816,-0.09465,-0.00824,0.12077,0.0123000005,nan,1.4160327,35.114
8105.TW,0.56,1.23,29.122808,0.03153,0.00045000002,0.08292,-0.03387,29.642859,0.9204325,19.672
8110.TW,0.22,0.967,nan,0.00035999998,-0.0039399997,0.03758,0.036730003,93.181816,0.9993175,14.398
8112.TW,5.03,0.442,13.815789,0.18421,0.05989,0.04083,0.022969998,16.6998,2.678913,388.82
8114.TW,5.53,0.608,14.1941395,0.11378,0.04458,0.39713,0.097559996,28.028933,3.043632,128.367
8131.TW,1.47,0.361,nan,0.055970002,0.01574,0.081920005,0.12458,26.768705,1.5169036,17.725
8150.TW,2.68,0.49,8.57685,0.0846,0.02832,0.16916001,0.064569995,16.865671,1.3001208,30.485
8163.TW,5.82,0.739,17.923077,0.13074,0.01949,0.18031,0.04077,12.010309,1.7086288,89.282
8201.TW,-1.11,0.964,nan,-0.12877,-0.08064,0.16701001,-0.27148,nan,2.377988,7.487
8210.TW,11.69,0.65,17.397661,0.25948,0.092580006,0.24174999,0.16,25.449102,5.837454,102.844
8213.TW,3.78,0.719,9.623787,0.06807,0.03138,0.14604001,0.02478,10.489418,0.70535284,68.774
8215.TW,1.24,0.768,11.127946,0.05609,0.01709,0.18462999,0.02112,26.653225,1.9257661,55.051
8222.TW,1.24,0.522,50.69767,0.1042,0.019129999,0.20753999,0.092480004,35.16129,3.4752111,10.366
8249.TW,1.94,0.775,nan,0.05474,0.03319,0.19736,0.078099996,15.077319,0.7413509,32.374
8261.TW,3.02,1.103,nan,0.06528,0.02755,0.24400999,0.043470003,28.34437,1.8749316,23.8
8271.TW,4.37,0.608,nan,0.12963,0.06708,0.22711,0.07238,15.629292,1.8567857,62.231
8341.TW,2.65,0.395,22.444445,0.08302,0.02918,0.39271998,0.09345999,38.113205,2.8402698,25.565
8367.TW,2.59,0.598,21.12766,0.075430006,0.01857,0.29986,0.16499001,19.169886,1.3983946,27.665
8374.TW,-0.2,0.442,nan,-0.00868,-0.00457,0.21179001,-0.00187,nan,4.81379,26.317
8404.TW,-1.27,0.929,20.294119,-0.07069,0.00616,0.31342,0.13661,nan,1.3369503,16.248
8411.TW,0.24,0.583,25.178572,0.00899,0.01155,0.10742,0.0081400005,58.750004,0.52812946,39.495
8422.TW,7.68,0.231,17.354261,0.13972999,0.04686,0.39528,0.22124,25.195312,3.248661,39.033
8429.TW,-0.14,0.765,4.882353,-0.0039500003,-0.00409,0.057800002,-1.3145599,nan,0.29742885,1.084
8438.TW,1.42,0.375,nan,0.057579998,0.028110001,0.13126999,0.03872,27.887323,1.5851412,43.006
8442.TW,10.21,0.246,12.631579,0.25099,0.06676,0.20761,0.07639,11.753183,2.5611475,127.6
8443.TW,0.37,0.321,nan,0.03011,0.0036300002,0.60042,0.01652,32.7027,0.95947987,17.706
8454.TW,15.18,0.782,24.383408,0.3321,0.10402001,0.09481,0.04157,28.656126,9.371768,461.849
8462.TW,2.4,0.538,14.873418,0.10446999,0.01923,0.25315002,0.07135,48.958332,5.089885,59.635
8463.TW,1.12,0.69,nan,0.10982,0.03275,0.1266,0.078779995,26.25,1.9191853,39.027
8464.TW,19.73,0.918,15.605928,0.25988,0.13204001,0.55285,0.24364,18.144957,4.674545,92.695
8466.TW,-0.41,0.502,11.572212,-0.02167,0.00208,0.15890999,0.02262,nan,1.6496403,44.139
8467.TW,8.77,0.659,nan,0.23312001,0.09041,0.40453997,0.20969999,20.581528,4.3041778,41.257
8473.TW,1.09,0.385,11.803714,0.04261,0.02392,0.23084,0.33133,40.825687,1.1840144,23.152
8476.TW,nan,0.063,nan,0.21144,0.11005,0.36932,0.17232999,nan,nan,19.968
8478.TW,22.71,1.31,15.271132,0.33571,0.11525,0.46483,0.2944,16.864819,5.060849,74.553
8481.TW,1.74,0.331,16.220238,0.07669,0.037130002,0.41742,0.12907,31.321838,2.3925545,14.512
8482.TW,3.39,0.419,nan,0.09494001,0.04164,0.34524,0.05526,19.262537,2.0086129,32.335
8488.TW,-1.54,0.275,nan,-0.041950002,-0.0030500002,0.06111,-0.03367,nan,0.47863546,55.824
8499.TW,9.88,0.486,13.068784,0.05447,0.021300001,0.41387,0.18798,12.5,0.64790285,45.151
8926.TW,1.16,0.505,28.343195,0.06103,0.00051,0.08715,0.036310002,41.293106,2.2179008,8.832
8940.TW,1.99,0.08,nan,0.18792,0.07002,0.53446996,0.22166,13.015075,2.2316043,25.964
8996.TW,6.31,1.09,29.937887,0.25064,0.08926,0.27929002,0.12262,76.38669,16.903385,46.459
9802.TW,6.85,0.558,9.545455,0.10717,0.039419997,0.17982,0.05603,18.394161,1.9340281,76.206
9902.TW,0.58,0.869,nan,0.045560002,0.00427,0.11034001,0.14525,29.22414,1.2926104,4.044
9904.TW,4.84,0.739,7.5624995,0.10078,0.022230001,0.25169,0.05989,7.4999995,0.7830194,83.33
9905.TW,1.48,0.307,15.248446,0.05835,0.0275,0.11017,0.04816,16.587837,0.9621791,27.519
9906.TW,4.99,0.759,nan,0.34677,0.03635,0.29580998,-0.404,18.236473,5.1884375,38.315
9907.TW,0.34,0.723,16.276596,0.020769998,0.01629,0.08849,0.02544,45.0,1.2358643,22.612
9908.TW,2.28,0.223,nan,0.082679994,0.0196,0.2526,0.16479,14.254386,1.1889083,6.925
9910.TW,5.58,0.913,20.992367,0.21834,0.08608,0.21375,0.06505,29.569893,6.4134955,87.982
9911.TW,5.5,0.52,17.059961,0.20786,0.09317,0.35224998,0.16605,16.036364,3.4473324,39.968
9912.TW,-0.87,0.67,nan,-0.15373999,-0.04259,0.39546,-0.16447,nan,1.5014843,9.998
9914.TW,7.65,1.133,19.259882,0.07148,0.04464,0.19228001,0.090959996,29.93464,3.144179,82.68
9917.TW,5.88,0.229,19.648094,0.19601999,0.06158,0.32569999,0.16246,22.789116,4.4955883,39.032
9918.TW,2.17,0.123,nan,0.12813,0.033,0.29138002,0.19785,19.608294,2.4630969,11.156
9919.TW,3.36,0.607,nan,0.25886,-0.040170003,0.0572,-0.082650006,7.1726193,1.661496,14.724
9921.TW,7.67,1.135,18.624014,0.08778,0.024549998,0.21681999,0.03381,27.705345,2.4011028,185.932
9924.TW,5.71,0.404,nan,0.169,0.08262,0.23355,0.10446,9.316988,1.5015523,48.856
9925.TW,2.44,0.163,nan,0.083459996,0.02903,0.34539002,0.10426,17.459015,1.4374894,20.167
9926.TW,2.56,0.14,nan,0.11772,0.0374,0.28122,0.22128001,21.5625,2.401671,12.952
9927.TW,6.8,0.602,nan,0.19916001,0.09679,0.15544,0.113970004,11.6470585,2.2707725,55.174
9928.TW,0.27,0.522,nan,0.01284,-0.0038400001,0.1454,-0.00957,80.92593,0.61794734,16.522
9929.TW,-1.11,-0.177,nan,-0.16753,-0.016390001,0.048189998,-0.0531,nan,2.0838535,7.106
9930.TW,3.81,0.353,nan,0.15059,0.061550003,0.13793,0.12633,17.506561,2.621546,49.485
9931.TW,1.63,0.137,nan,0.07554,0.02003,0.17737,0.1175,22.883434,1.6179404,12.79
9933.TW,2.46,0.168,14.155496,0.14086,0.01995,0.051459998,0.03174,21.463413,2.4899788,139.922
9934.TW,1.69,0.673,10.706807,0.11446,0.0128999995,0.30686,0.014989999,12.100592,1.4176776,46.019
9935.TW,1.27,0.585,12.688442,0.09932,0.02803,0.21254,0.07842,19.88189,1.8898286,27.432
9937.TW,2.55,0.25,26.484377,0.13976,0.03961,0.11281,0.0343,26.588238,3.650657,79.388
9938.TW,2.62,1.06,13.312883,0.03921,0.02633,0.31686002,0.17021,24.847328,1.6316607,43.618
9939.TW,9.58,0.213,14.101461,0.18188,0.05619,0.22302,0.13838,17.118998,3.037712,93.193
9940.TW,2.33,0.521,nan,0.13425,0.03911,0.28641,0.16629,13.798285,1.7913858,17.666
9941.TW,10.15,0.56,12.8043995,0.14954,0.01575,0.53641,0.17006999,16.059114,2.4109573,76.799
9942.TW,11.43,0.383,9.823484,0.24294001,0.14726,0.41358003,0.24580999,11.1986,2.5452375,55.477
9943.TW,8.74,0.401,18.319838,0.20568001,0.06239,0.53382,0.22044,10.3546915,3.1164985,32.013
9944.TW,0.1,0.441,nan,0.00866,0.00408,0.27408,0.21569,226.5,0.66251314,21.123
9945.TW,5.01,0.619,11.624041,0.16473,0.0184,0.26439,0.18094999,9.0718565,1.2494845,9.627
9946.TW,0.38,0.585,nan,0.01908,0.0064700004,0.2849,0.14772001,110.13158,2.0592432,3.388
9955.TW,-0.79,1.023,nan,-0.06157,-0.01689,0.03283,-0.12328,nan,2.589882,11.146
9958.TW,6.49,0.347,32.469933,0.16426,0.0533,0.233,0.33674,54.083206,7.119531,63.193
